name,singer,lyric
Mùa Đông Năm Ấy,Nhạc Nguyễn,Mùa đông năm ấy. Sao sáng soi cuối trời. Mùa đông năm ấy. Con Chúa sinh xuống đời. Nhịp ca véo von. Bao thiên thần vang hát. Tôn thờ Ngôi Hai. Giáng sinh trần ai.. Con hợp với thiên thần. Hoà vang câu hát. Con hợp với thiên thần. Hoà vang câu hát. Mừng sinh nhật. Chúa vinh quang. Mừng sinh nhật. Đấng yêu thương. Sinh nhật từ ái. Sáng như công bình.. Mùa đông năm ấy. Vui tiếng ca nhịp nhàng. Mùa đông năm ấy. Theo ánh sao huy hoàng. Tìm hang Bethlehem. Những mục đồng mau bước. Tôn thờ Ngôi Hai. Giáng sinh trần ai. Con hợp với Mục Đồng. Cùng thờ lạy Chúa. Con hợp với Mục Đồng. Cùng thờ lạy Chúa. Mừng sinh nhật. Đấng cứu tinh. Mừng sinh nhật. Đấng uy linh. Sinh nhật ngày Chúa. Xuống ơn thái bình. Mùa đông năm ấy. Quên lắng lo ưu phiền. Mẹ Maria âu yếm. Cung kính nhìn. Nhìn con mới sinh. Dâng tấm lòng kính mến. Tôn thờ Ngôi Hai. Giáng sinh trần ai. Con hợp với Mary. Quỳ đây lạy Chúa. Con hợp với Giuse. Quỳ đây ngắm Chúa. Mừng sinh nhật. Chúa Ngôi Hai. Mừng sinh nhật. Đấng yên say. Sinh nhật một lễ. Đón đưa muôn đời.. Mùa đông năm ấy. Con Chúa xa cõi trời. Mùa đông năm ấy. Con Chúa sinh xuống đời. Ngày xưa có hoa. Những sinh nhật con Chúa. Tâm hồn con ghi. Dám đâu hoài nghi. Con quỳ gối ôn lại. Ngày qua đáng nhớ. Con quỳ gối cảm tạ. Tình yêu quý giá. Mừng sinh nhật Chúa chí nhân. Mừng sinh nhật. Chúa muôn năm. Sinh nhật cùng với. Tháng năm vững bền. Mừng sinh nhật. Chúa Ngôi Hai. Mừng sinh nhật. Đấng Thiên sai. Sinh nhật một lễ. Đáng ghi muôn đời
Mùa Đông,ERIK,"a sĩ: ERIK ST.319. Mùa Đông đến nơi đây tìm anh. Giữa đêm lạnh rét căm. Mùa Đông khẽ ôm anh thật lâu. Biết anh chẳng có. Ai bên cạnh anh. Và dấu phố khi xưa. Ta gặp nhau. Giờ đây là màn đêm. Tối tăm quạnh hiu. Hứa với anh sẽ không rời xa. Mà sao giờ đây anh khóc. Trong đêm tối tăm mịt mù. Bao giấc mơ phiêu du lả lơi. Không có em nơi đây. Xin giấc mơ yêu đương dài thêm. Giờ anh ngồi đây. Trong bao nhung nhớ. Vẫn mãi đợi chờ. Lời hẹn ước khi xưa. Người trao cho anh. Nay vỡ tan rồi người ơi. Bao yêu thương giờ như. Cơn gió ấm áp ùa về. Giữa cơn mưa mùa đông. Bơ vơ anh khóc mãi thôi. Mùa Đông hỡi. Xin em quay về. Bên cạnh anh đi người ơi. Anh sẽ đợi, đợi mãi. Mùa Đông nhắc. Tên em lần cuối. Lỡ mai này sẽ quên. Mùa Đông xoá tan đi ngày nắng. êm đềm ngày ta có nhau. Và nếu biết. Ta sẽ xa rời nhau. Thì bây giờ. Anh ôm lấy em thật lâu. Nói với em giấc mơ của anh. Tình yêu giờ đây. Chỉ có một mình anh. Xa mãi xa mãi. Bao lời yêu thiết tha ấy. Xa mãi xa mãi. Bao phút giây. Yêu đương đầu tiên. Giờ anh ngồi đây. Trong bao nhung nhớ. Vẫn mãi đợi chờ. Lời hẹn ước khi xưa. Người trao cho anh. Nay vỡ tan rồi người ơi. Bao yêu thương giờ như. Cơn gió ấm áp ùa về. Giữa cơn mưa mùa đông. Bơ vơ anh khóc mãi thôi. Mùa Đông hỡi. Xin em quay về. Bên cạnh anh đi người ơi. Anh sẽ đợi, đợi mãi. Mùa Đông hỡi. Mùa Đông hỡi. Mùa đông đến nơi đây tìm anh. Mùa đông nhắc tên em lần cuối. Mùa đông xoá tan đi ngày nắng. Và gió đến đây. Hát bài tình ca. Tình yêu của anh. Như ánh trăng ngoài kia. Rọi xuống thế gian. Thấy em cười nói. Mà đôi bàn tay. Không thể chạm vào em"
Mùa Đông Không Lạnh,Akira Phan,Không Lạnh. Ca sĩ: Akira Phan. Anh gặp em. Giữa trời đông buốt giá. Mắt ta nhìn. Tựa đã quen từ lâu. Em cười tươi. Như mặt trời cuối đông. Nụ cười đó. Làm sao anh quên. Ta cách xa. Muôn trùng mây. Từng dòng thư. Gởi kèm nỗi nhớ thương. Anh nhớ em. đêm từng đêm. Lòng thầm mong. Thấy em trong phút giây. Ngày gặp em. Đi bên em. Không nói được câu gì. Ngồi kề em. Sao mùa đông thấy. Không giá lạnh. Ngày gặp em. Sương đêm rơi. Gió rét từng cơn lạnh lùng. Sao lòng anh. Thấy ấm nồng. Cuộc tình đầu tiên. Giờ chia ly. Em quay đi. Che giấu bờ mi lệ rơi. Ta xa nhau. Mong đến một ngày gặp lại. Giờ chia ly. Anh xa em nhưng sẽ. Nhớ em người ơi. Trái tim anh. Trái tim em không rời xa. Anh gặp em. Giữa trời đông buốt giá. Mắt ta nhìn. Tựa đã quen từ lâu. Em cười tươi. Như mặt trời cuối đông. Nụ cười đó. Làm sao anh quên. Ta cách xa. Muôn trùng mây. Từng dòng thư. Gởi kèm nỗi nhớ thương. Anh nhớ em. đêm từng đêm. Lòng thầm mong. Thấy em trong phút giây. Ngày gặp em. Đi bên em. Không nói được câu gì. Ngồi kề em. Sao mùa đông thấy. Không giá lạnh. Ngày gặp em. Sương đêm rơi. Gió rét từng cơn lạnh lùng. Sao lòng anh. Thấy ấm nồng. Cuộc tình đầu tiên. Giờ chia ly. Em quay đi. Che giấu bờ mi lệ rơi. Ta xa nhau. Mong đến một ngày gặp lại. Giờ chia ly. Anh xa em nhưng sẽ. Nhớ em người ơi. Trái tim anh. Trái tim em không rời xa. Trái tim anh. Trái tim em. Không rời xa
Cơn Mưa Mùa Đông,Quang Hà,Một ngày mùa đông vòng tay người yêu ấm áp. Biển trời lạnh câm mà sao lòng anh thấy nhẹ nhàng. Dòng người bước nhanh rót chút nắng vàng mong manh. Dịu dàng mái tóc thơm mát em khẽ tìm môi anh. Rồi trời chợt mưa hạt mưa càng thêm buốt giá. Vội vàng dừng chân bàn tay của em khẽ nhẹ run. Người đừng khóc nhé có trái tim này chở che. Dù ngoài kia bên hiên mưa rơi đã nhiều thêm..... Dù trời mưa nhiều hơn nữa có mang cả những nỗi buồn. Thì vòng tay anh luôn mong ôm em cho em niềm vui. Dù bàn tay anh nhỏ nhoi không xua được hết mưa trời. Một lòng anh xin nguyện ôm những đau buồn của em. Dù trời kia hoài mưa mãi kéo theo ngàn cơn gió lạnh. Đặt bàn tay em trong đôi tay anh sẽ không hiu quạnh. Mình là của riêng đời nhau. Ông trời muốn xem anh thế nào. Và trời mang mưa mùa đông. để thấy anh yêu em không.... Một ngày mùa đông vòng tay người yêu ấm áp. Biển trời lạnh câm mà sao lòng anh thấy nhẹ nhàng. Dòng người bước nhanh rót chút nắng vàng mong manh. Dịu dàng mái tóc thơm mát em khẽ tìm môi anh. Rồi trời chợt mưa hạt mưa càng thêm buốt giá. Vội vàng dừng chân bàn tay của em khẽ nhẹ run. Người đừng khóc nhé có trái tim này chở che. Dù ngoài kia bên hiên mưa rơi đã nhiều thêm..... ĐK:. Dù trời mưa nhiều hơn nữa có mang cả những nỗi buồn. Thì vòng tay anh luôn mong ôm em cho em niềm vui. Dù bàn tay anh nhỏ nhoi không xua được hết mưa trời. Một lòng anh xin nguyện ôm cả đau buồn của em. Dù ngoài kia trời mưa mãi kéo theo ngàn cơn gió lạnh. Đặt bàn tay em trong đôi tay anh sẽ không hiu quạnh. Mình là của riêng đời nhau. Ông trời muốn xem anh thế nào. Và trời mang mưa mùa đông. để thấy anh yêu em không.... Dù trời mưa nhiều hơn nữa có mang cả những nỗi buồn. Thì vòng tay anh luôn mong ôm em cho em niềm vui. Dù bàn tay anh nhỏ nhoi không xua được hết mưa trời. Một lòng anh xin nguyện ôm cả đau buồn của em. Dù ngoài kia trời mưa mãi kéo theo ngàn cơn gió lạnh. Đặt bàn tay em trong đôi tay anh sẽ không hiu quạnh. Mình là của riêng đời nhau. Ông trời muốn xem anh thế nào. Và trời mang mưa mùa đông. để thấy anh yêu em không.... Mình là của riêng đời nhau. Ông trời muốn xem anh thế nào. Và trời mang mưa mùa đông. để thấy. anh yêu em ...
Mùa Đông Tình Yêu,"Bùi Anh Tuấn, Hương Tràm",Ngày dài hơn để anh biết nhớ. Một cơn mưa vội vàng đến nhanh. Từng khao khát tình yêu. Từ sâu tận nơi tim anh. Mùa đông sắp đến mang theo. Từng cơn gió. Đôi tay ai đang cô đơn. Cho anh đến bên em. Anh sưởi ấm trái tim em. Đợi chờ thôi. Em đã chẳng thể dám nghĩ. Về điều đó ngày sẽ bên anh. Một tình yêu vì bao ngày qua. Chỉ riêng mỗi em. Chiều nay mưa vẫn về. Để em nhớ anh. Một bài hát rất buồn. Để em khóc trong tim. Ngàn câu ước cho mưa mang theo. Tình yêu của anh đến đây. Giờ anh rất muốn nói. Lời yêu em mãi mãi. Nguyện ước đôi ta luôn gần nhau. Dành cho em những yêu thương. Anh đã gom lại. Từ những mong chờ và nỗi nhớ em. Ngày mai cũng sẽ đến. Ngày tình yêu đôi ta. Em biết con tim yêu thật nhiều. Dành cho anh những yêu thương. Ngày điều ước đong đầy. Nhắm mắt lại nguyện ước đôi ta. Đợi chờ thôi. Em đã chẳng thể dám nghĩ. Về điều đó ngày sẽ bên anh. Một tình yêu vì bao ngày qua. Chỉ riêng mỗi em. Chiều nay mưa vẫn về. Để em nhớ anh. Một bài hát rất buồn. Để em khóc trong tim. Ngàn câu ước cho mưa mang theo. Tình yêu của anh đến đây. Giờ anh rất muốn nói. Lời yêu em mãi mãi. Nguyện ước đôi ta luôn gần nhau. Dành cho em những yêu thương. Anh đã gom lại. Từ những mong chờ và nỗi nhớ em. Ngày mai cũng sẽ đến. Ngày tình yêu đôi ta. Em biết con tim yêu thật nhiều. Dành cho anh những yêu thương. Ngày điều ước đong đầy. Nhắm mắt lại nguyện ước đôi ta. Ngày mai nếu trái tim. Mờ phai khi những bão giông. Cuốn đôi tình mình. Thì xin hãy bên cạnh em. Thì xin em nắm chặt bàn tay. Để anh vượt qua nơi đó. Vượt qua nơi đó. Giờ anh rất muốn nói. Lời yêu em mãi mãi. Nguyện ước đôi ta luôn gần nhau. Dành cho em những yêu thương. Anh đã gom lại. Từ những mong chờ và nỗi nhớ em. Ngày mai cũng sẽ đến. Ngày tình yêu đôi ta. Anh biết con tim yêu thật nhiều. Dành cho em bao yêu thương. Ngày điều ước đong đầy. Nhắm mắt lại nguyện ước đôi ta. Nhắm mắt lại nguyện ước đôi ta
Người Tình Mùa Đông,Hà Vân,Bài Hát: Người Tình Mùa Đông. Ca Sĩ: Hà Vân. Đường vào tim em ôi băng giá. Trời mùa đông. Mây vẫn bay đi về. Vẫn mưa. Mưa rơi trên đường thầm thì. Vì đâu mưa anh không đến. Đường vào tim em mây giăng kín. Bàn chân anh. Trên lối đi không thành. Những đêm. Khuya mưa buồn một mình. Có khi cho ta quên cuộc tình. Từng cơn mưa hắt hiu. Bên ngoài song thưa. Lắm khi mưa làm hồn ta. Nhớ mãi ngày qua. Nhớ con phố xưa. Vẫn âm thầm đợi chờ. Nhớ đôi vai ngoan. Em sợ trời mưa gió. Từng ngày ta. Vẫn đưa em về qua phố. Vẫn trên cao trời mưa lũ. Vẫn tiếng buồn xưa. Ôi bàn tay. Ai đã dắt em chiều nay. Đường vào tim em bao cơn sóng. Đẩy tình anh. Xa bến xuân hoa mộng. Trái tim em muôn đời lạnh lùng. Hỡi ơi trái tim mùa đông. Đường vào tim em ôi băng giá. Trời mùa đông. Mây vẫn bay đi về. Vẫn mưa. Mưa rơi trên đường thầm thì. Vì đâu mưa anh không đến. Đường vào tim em mây giăng kín. Bàn chân anh. Trên lối đi không thành. Những đêm. Khuya mưa buồn một mình. Có khi cho ta quên cuộc tình. Từng cơn mưa hắt hiu. Bên ngoài song thưa. Lắm khi mưa làm hồn ta. Nhớ mãi ngày qua. Nhớ con phố xưa. Vẫn âm thầm đợi chờ. Nhớ đôi vai ngoan. Em sợ trời mưa gió. Từng ngày ta. Vẫn đưa em về qua phố. Vẫn trên cao trời mưa lũ. Vẫn tiếng buồn xưa. Ôi bàn tay. Ai đã dắt em chiều nay. Đường vào tim em bao cơn sóng. Đẩy tình anh. Xa bến xuân hoa mộng. Trái tim em muôn đời lạnh lùng. Hỡi ơi trái tim mùa đông. Trái tim em muôn đời lạnh lùng. Hỡi ơi trái tim mùa đông. Trái tim em muôn đời lạnh lùng. Hỡi ơi trái tim mùa đông
Cô Bé Mùa Đông,"Trung Quân Idol, Thùy Chi"," Quân Idol ft. Thùy Chi. Từng cơn gió. Khẽ vô tình. Chiếc lá lìa cành. Buông xuống lòng đường. Ngồi nhặt chiếc lá. Tôi nhớ về. Cô bé đáng yêu của tôi. Mùa đông đến. Em vẫn cười. Em ước mình là. Bông tuyết ngoài trời. Để được bay mãi. Lên thiên đường. Một thiên đường tuyết rơi. Tuyết chẳng có đâu em ơi. Chỉ có tôi bên cạnh em thôi. Mùa đông đến. Gió khiến em se lạnh. Đừng lo vì còn tôi đây. Bước cùng với nhau. Dưới cơn mưa phùn rất lâu. Tôi nhìn em, em đỏ mặt. Em không nói. Khiến cho lòng tôi bồi hồi. Trong ngần mắt em. Thấy long lanh. Muôn ngàn tuyết rơi. Một mùa đông em đứng đó. Một mùa đông êm đềm. Từng cơn gió. Khẽ vô tình. Chiếc lá lìa cành. Buông xuống lòng đường. Ngồi nhặt chiếc lá. Tôi nhớ về. Cô bé đáng yêu của tôi. Mùa đông đến. Em vẫn cười. Em ước mình là. Bông tuyết ngoài trời. Để được bay mãi. Lên thiên đường. Một thiên đường tuyết rơi. Tuyết chẳng có đâu em ơi. Chỉ có tôi bên cạnh em thôi. Mùa đông đến. Gió khiến em se lạnh. Đừng lo vì còn tôi đây. Bước cùng với nhau. Dưới cơn mưa phùn rất lâu. Tôi nhìn em, em đỏ mặt. Em không nói. Khiến cho lòng tôi bồi hồi. Trong ngần mắt em. Thấy long lanh. Muôn ngàn tuyết rơi. Một mùa đông em đứng đó. Một mùa đông êm đềm. Bước cùng với nhau. Dưới cơn mưa phùn rất lâu. Tôi nhìn em, em đỏ mặt. Em không nói. Khiến cho lòng tôi hát. Trong ngần mắt em. Thấy long lanh. Muôn ngàn tuyết rơi. Một mùa đông em đứng đó. Một mùa đông êm đềm. Một mùa đông em đứng đó. Một mùa đông"
Mùa Đông Không Tên,Trần Hoàng Anh,Đêm nay anh mơ thấy em. Quay về nơi chúng ta gặp nhau. Giật mình mới biết. Hóa ra chỉ là giấc mơ thoáng qua. Nước mắt không rơi. Mà sao trong tim anh thấy nhói đau. Vì bên anh đã không còn em. Trong anh bao năm tháng qua. Chưa từng thôi nhớ em người ơi. Vì tình yêu ấy. Với anh là tất cả cuộc đời. Hai ta cách xa. Vì anh mang đến cho em nhiều đắng cay. Là tại anh đã mang lỗi lầm. Lời xin lỗi muộn màng gửi đến em. Dẫu biết rằng tình yêu không thể hàn gắn. Vẫn hi vọng một ngày. Em sẽ quay về bên anh. Cầu mong em hãy cho anh một lần. Được bên em để sửa sai lỗi lầm. Vì không có em bên cuộc đời. Anh chìm trong bóng tối mà thôi. Dù anh cố gắng che đi nỗi buồn. Mà nụ cười mỗi khi anh tới gần. Thì những lúc cô đơn một mình. Anh không thể ngăn hai dòng nước mắt. Mùa đông đã đến mang theo giá lạnh. Còn đây hơi ấm đôi môi ngọt ngào. Tình yêu vẫn cháy trong anh từng ngày. Vẫn mong chờ vẫn hi vọng. Một ngày em sẽ quay về. Trong anh bao năm tháng qua. Chưa từng thôi nhớ em người ơi. Vì tình yêu ấy. Với anh là tất cả cuộc đời. Hai ta cách xa. Vì anh mang đến cho em nhiều đắng cay. Là tại anh đã mang lỗi lầm. Lời xin lỗi muộn màng gửi đến em. Dẫu biết rằng tình yêu không thể hàn gắn. Vẫn hi vọng một ngày. Em sẽ quay về bên anh. Cầu mong em hãy cho anh một lần. Được bên em để sửa sai lỗi lầm. Vì không có em bên cuộc đời. Anh chìm trong bóng tối mà thôi. Dù anh cố gắng che đi nỗi buồn. Mà nụ cười mỗi khi anh tới gần. Thì những lúc cô đơn một mình. Anh không thể ngăn hai dòng nước mắt. Mùa đông đã đến mang theo giá lạnh. Còn đây hơi ấm đôi môi ngọt ngào. Tình yêu vẫn cháy trong anh từng ngày. Vẫn mong chờ vẫn hi vọng. Một ngày em sẽ quay về. Cầu mong em hãy cho anh một lần. Được bên em để sửa sai lỗi lầm. Vì không có em bên cuộc đời. Anh chìm trong bóng tối mà thôi. Dù anh cố gắng che đi nỗi buồn. Mà nụ cười mỗi khi anh tới gần. Thì những lúc cô đơn một mình. Anh không thể ngăn hai dòng nước mắt. Mùa đông đã đến mang theo giá lạnh. Còn đây hơi ấm đôi môi ngọt ngào. Tình yêu vẫn cháy trong anh từng ngày. Vẫn mong chờ vẫn hi vọng. Một ngày em sẽ quay về. Vẫn mong chờ vẫn hi vọng một ngày. Em sẽ quay về
Anh Nhớ Mùa Đông Ấy,The Men,ớ Mùa Đông Ấy. Ca sĩ: The Men. Anh nhớ mùa đông ấy. Khi đôi mình vẫn yêu. Khi đôi mình vẫn chưa. Chia ly hai đứa hai đường. Cứ muốn gặp nhau mãi. Cứ muốn ngồi sát bên. Nghe hơi thở ấm trong đêm. Đông sang trời vẫn thế. Vẫn rét buốt sương khuya. Nhưng nay chỉ anh thôi. Một mình ngồi nhớ em vô vàn. Chẳng biết em có hiểu. Chẳng biết em có hay. Lúc này anh cần em. Cần một vòng tay ấm. Người ơi trong đêm giá lạnh. Lòng anh thêm bao hiu quạnh. Còn bao yêu thương sao em đành. Để bơ vơ riêng anh. Người biết anh cô đơn mà. Từ khi em bước đi vội vã. Anh nhớ. Giờ em nơi xa xôi rồi. Chẳng nhớ ai kia vẫn đợi. Chẳng biết anh luôn trông mong. Đôi mình bên nhau mỗi tối. Lạnh căm cơn gió kéo về. Và mang theo những kí ức về em. Anh mong qua nhanh. Những mùa đông. Đông sang trời vẫn thế. Vẫn rét buốt sương khuya. Nhưng nay chỉ anh thôi. Một mình ngồi nhớ em vô vàn. Chẳng biết em có hiểu. Chẳng biết em có hay. Lúc này anh cần em. Cần một vòng tay ấm. Người ơi trong đêm giá lạnh. Lòng anh thêm bao hiu quạnh. Còn bao yêu thương sao em đành. Để bơ vơ riêng anh. Người biết anh cô đơn mà. Từ khi em bước đi vội vã. Anh nhớ. Giờ em nơi xa xôi rồi. Chẳng nhớ ai kia vẫn đợi. Chẳng biết anh luôn trông mong. Đôi mình bên nhau mỗi tối. Lạnh căm cơn gió kéo về. Và mang theo những kí ức về em. Anh mong qua nhanh. Những mùa đông. Người ơi trong đêm giá lạnh. Lòng anh thêm bao hiu quạnh. Còn bao yêu thương sao em đành. Để bơ vơ riêng anh. Người biết anh cô đơn mà. Từ khi em bước đi vội vã. Anh nhớ. Giờ em nơi xa xôi rồi. Chẳng nhớ ai kia vẫn đợi. Chẳng biết anh luôn trông mong. Đôi mình bên nhau mỗi tối. Lạnh căm cơn gió kéo về. Và mang theo những kí ức về em. Anh mong qua nhanh. Những mùa đông
Mưa Mùa Đông,Vân Quang Long,Bài Hát: Mưa Mùa Đông. Ca Sĩ: Vân Quang Long. Một mình ngồi thương nhớ. Tìm hình bóng em người hỡi. Mà người đành về cuối phương trời. Mình anh đi về đâu. Em đã quên tình xưa. Từng đêm vắng. Gió mưa anh mong chờ. Tiếng mưa rơi nghe buồn tênh. Nơi cuối đường. Ngỡ như người về nơi này. Vẫn mãi đợi chờ. Mùa thu bên hiên bao nhiều lá rơi. Người đành quên câu ái ân. Bước đi mịt mờ xa mãi. Vẫn mãi đợi chờ. Mùa đông con tim anh chưa giá băng. Ngàn lời yêu thương trao đến em. Phố xưa có anh chờ em về. Một mình ngồi thương nhớ. Tìm hình bóng em người hỡi. Mà người đành về cuối phương trời. Mình anh đi về đâu. Em đã quên tình xưa. Từng đêm vắng. Gió mưa anh mong chờ. Tiếng mưa rơi nghe buồn tênh. Nơi cuối đường. Ngỡ như người về nơi này. Vẫn mãi đợi chờ. Mùa thu bên hiên bao nhiều lá rơi. Người đành quên câu ái ân. Bước đi mịt mờ xa mãi. Vẫn mãi đợi chờ. Mùa đông con tim anh chưa giá băng. Ngàn lời yêu thương trao đến em. Phố xưa có anh chờ em về. Mùa đông con tim anh chưa giá băng. Vẫn mãi đợi chờ. Mùa thu bên hiên bao nhiều lá rơi. Người đành quên câu ái ân. Bước đi mịt mờ xa mãi. Vẫn mãi đợi chờ. Mùa đông con tim anh chưa giá băng. Ngàn lời yêu thương trao đến em. Phố xưa có anh chờ em về
Mùa Đông Không Em,Đình Phong,"Gió đêm mùa đông lại về,anh thấy lòng mình se xác.... Nỗi nhớ vẫn chưa nguôi ngoai trong màn đêm. Những kỉ niệm đã xa,nhưng anh chẳng thể phôi pha. Anh phải tập quên bao nhiêu suy nghĩ về em. Chỉ cần ánh mắt dõi theo ở trên cuộc đời thế thôi. Anh chỉ cần đươc nhìn em vui,hạnh phúc bên người ấy em chọn. Mong em hãy mỉm cười em nhé,xem kỉ niệm chỉ là giấc mơ. Và anh sẽ chọn một mình bước đi,trên con đường dài.... Gió đêm mùa đông lại về,anh thấy lòng mình se xác.... Nỗi nhớ vẫn chưa nguôi ngoai trong màn đêm. Những kỉ niệm đã xa,nhưng anh chẳng thể phôi pha. Anh phải tập quên bao nhiêu suy nghĩ về em. Chỉ cần ánh mắt dõi theo ở trên cuộc đời thế thôi. Anh chỉ cần đươc nhìn em vui,hạnh phúc bên người ấy em chọn. Mong em hãy mỉm cười em nhé,xem kỉ niệm chỉ là giấc mơ. Và anh sẽ chọn một mình bước đi,trên con đường dài.... Chỉ cần em thấy bình yên,anh không buồn đâu.. Vì trái tim anh vẫn còn yêu. Và dù em chẳng bận tâm!. Em không hiểu đâu.Thì anh vẫn mong................ Em vẫn sẽ mỉm cười em nhé!. Hãy xem kỉ niệm chỉ là giấc mơ. Và anh sẽ chọn một mình bước đi trên con đường dài"
Chiếc Lá Mùa Đông,Vân Quang Long,Bài Hát: Chiếc Lá Mùa Đông. Ca Sĩ: Vân Quang Long. Đã bao lần vì em. Trong nước mắt. Đã bao lần vì em. Anh buốt giá. Người tình ơi vì sao. Người nỡ gieo sầu đau. Đến cho anh con tim nhỏ nhoi. Nhớ hôm nào. Cầm tay anh em nói. Vẫn ngọt ngào. Từng lời em đã hứa. Mình dìu nhau cùng đi. Về cuối chân trời xa. Để cho anh vẫn nhớ. Từng tiếng yêu. Rượu ngọt đầu môi. Từng giọt nước mắt. Vẫn thấm ướt đẫm. Từng lời ái ân ngày xưa. Nụ hôn kia ta trao cho nhau. Vẫn luôn mặn nồng. Mà hôm nay vội quên. Người đã đi thật xa. Tình đôi ta người còn nhớ không?. Lòng anh tan nát. Như chiếc lá úa. Về tận cuối đông tàn phai. Thời gian kia đã trôi qua mau. Để lại cuộc tình buồn đau. Thì yêu anh làm chi. Để rồi dối gian tình anh. Để cho anh lòng càng héo khô. Tháng năm đợi chờ. Đã bao lần vì em. Trong nước mắt. Đã bao lần vì em. Anh buốt giá. Người tình ơi vì sao. Người nỡ gieo sầu đau. Đến cho anh con tim nhỏ nhoi. Nhớ hôm nào. Cầm tay anh em nói. Vẫn ngọt ngào. Từng lời em đã hứa. Mình dìu nhau cùng đi. Về cuối chân trời xa. Để cho anh vẫn nhớ. Từng tiếng yêu. Rượu ngọt đầu môi. Từng giọt nước mắt. Vẫn thấm ướt đẫm. Từng lời ái ân ngày xưa. Nụ hôn kia ta trao cho nhau. Vẫn luôn mặn nồng. Mà hôm nay vội quên. Người đã đi thật xa. Tình đôi ta người còn nhớ không?. Lòng anh tan nát. Như chiếc lá úa. Về tận cuối đông tàn phai. Thời gian kia đã trôi qua mau. Để lại cuộc tình buồn đau. Thì yêu anh làm chi. Để rồi dối gian tình anh. Để cho anh lòng càng héo khô. Tháng năm đợi chờ. Từng giọt nước mắt. Vẫn thấm ướt đẫm. Từng lời ái ân ngày xưa. Nụ hôn kia ta trao cho nhau. Vẫn luôn mặn nồng. Mà hôm nay vội quên. Người đã đi thật xa. Tình đôi ta người còn nhớ không?. Lòng anh tan nát. Như chiếc lá úa. Về tận cuối đông tàn phai. Thời gian kia đã trôi qua mau. Để lại cuộc tình buồn đau. Thì yêu anh làm chi. Để rồi dối gian tình anh. Để cho anh lòng càng héo khô. Tháng năm đợi chờ. Để cho anh lòng càng héo khô. Tháng năm đợi chờ
Mùa Đông Buồn,Phạm Thanh Thảo,"Bài Hát: Mùa Đông Buồn. Trình Bày: Phạm Thanh Thảo. Lại một mùa đông nữa. Giá lạnh đôi vai của em. Lại một mùa không trăng. Không có ánh sao trên trời. Lại một mùa đông nữa. Em đứng ngóng trông một người. Một người em rất mong. Em rất thương,em rất yêu…. Chuyện một mùa đông ấy. Có một đôi yêu đắm say. Họ hẹn thề bên nhau. Yêu mãi mãi không xa rời…. Chợt một ngày mưa gió. Anh bỗng nói câu chia lìa. Chỉ còn mình em lẻ loi. Đôi uyên ương mãi mãi xa vời…. Mùa đông lạnh giá. Càng thêm xót xa. Giờ bên người ta chắc anh. Cũng đã lãng quên em rồi. Biết không người ơi…. Nụ cười trên môi. Mà tim em khóc. Nước mắt ngậm ngùi. Vẫn cố gắng vui…. Mùa đông lạnh giá. Càng thêm xót xa. Cất lên lời ca. Khúc ca oán trách. Trách anh vô tình. Ước mong bình minh. Được gần bên anh. Dù cho em biết giấc mơ cuối cùng. Chỉ là giấc mơ…. Chuyện một mùa đông ấy. Có một đôi yêu đắm say. Họ hẹn thề bên nhau. Yêu mãi mãi không xa rời…. Chợt một ngày mưa gió. Anh bỗng nói câu chia lìa. Chỉ còn mình em lẻ loi. Đôi uyên ương mãi mãi xa vời…. Mùa đông lạnh giá. Càng thêm xót xa. Giờ bên người ta chắc anh. Cũng đã lãng quên em rồi. Biết không người ơi…. Nụ cười trên môi. Mà tim em khóc. Nước mắt ngậm ngùi. Vẫn cố gắng vui…. Mùa đông lạnh giá. Càng thêm xót xa. Cất lên lời ca. Khúc ca oán trách. Trách anh vô tình. Ước mong bình minh. Được gần bên anh. Dù cho em biết giấc mơ cuối cùng. Chỉ là giấc mơ…. Mùa đông lạnh giá. Càng thêm xót xa. Cất lên lời ca. Khúc ca oán trách. Trách anh vô tình. Ước mong bình minh. Được gần bên anh. Dù cho em biết giấc mơ cuối cùng. Chỉ là giấc mơ…. Ước mong bình minh. Được gần bên anh. Dù cho em biết giấc mơ cuối cùng. Chỉ là giấc mơ…"
Mùa Đông Không Còn Em,Vương Bảo Nam,Em có biết từng ngày qua. Không có em. Làm tim anh như thắt lại. Những nối nhớ ùa về. Trong tâm trí anh. Cứ day dứt anh từng cơn. Mùa đông năm nay không có em. Ở bên mỗi khi anh buồn. Mùa đông chẳng còn những ấm áp. Mỗi khi nghĩ đến em. Nhìn từng đôi đi trên phố đông. Giá như có em bên cạnh. Mang cho anh hơi ấm. Mỗi khi anh gục ngã. Ngọn gió vô tình nào mang. Em vội vàng xa khuất nơi anh. Anh đưa đôi tay níu lấy. Nhưng chẳng giữ nổi em. Nỗi nhớ theo anh từng đêm. Em hiện về trong mỗi giấc mơ. Chỉ còn anh mà thôi vẫn chờ em. Giấu hết những yếu mềm đằng sau. Anh tìm lại những tháng năm dài. Vẫn còn em ở bên. Mỗi khi mùa đông về. Giấu hết những tâm tư vào trong. Anh phải tập bước tiếp một mình. Khi em đã mãi mãi. Xa anh người ơi. Em có biết từng ngày qua. Không có em. Làm tim anh như thắt lại. Những nối nhớ ùa về. Trong tâm trí anh. Cứ day dứt anh từng cơn. Mùa đông năm nay không có em. Ở bên mỗi khi anh buồn. Mùa đông chẳng còn những ấm áp. Mỗi khi nghĩ đến em. Nhìn từng đôi đi trên phố đông. Giá như có em bên cạnh. Mang cho anh hơi ấm. Mỗi khi anh gục ngã. Ngọn gió vô tình nào mang. Em vội vàng xa khuất nơi anh. Anh đưa đôi tay níu lấy. Nhưng chẳng giữ nổi em. Nỗi nhớ theo anh từng đêm. Em hiện về trong mỗi giấc mơ. Chỉ còn anh mà thôi vẫn chờ em. Giấu hết những yếu mềm đằng sau. Anh tìm lại những tháng năm dài. Vẫn còn em ở bên. Mỗi khi mùa đông về. Giấu hết những tâm tư vào trong. Anh phải tập bước tiếp một mình. Khi em đã mãi mãi. Xa anh người ơi. Ngọn gió vô tình nào mang. Em vội vàng xa khuất nơi anh. Anh đưa đôi tay níu lấy. Nhưng chẳng giữ nổi em. Nỗi nhớ theo anh từng đêm. Em hiện về trong mỗi giấc mơ. Chỉ còn anh mà thôi vẫn chờ em. Giấu hết những yếu mềm đằng sau. Anh tìm lại những tháng năm dài. Vẫn còn em ở bên. Mỗi khi mùa đông về. Giấu hết những tâm tư vào trong. Anh phải tập bước tiếp một mình. Khi em đã mãi mãi. Xa anh người ơi
Mùa Đông Mình Chia Tay,Hà Anh,Đã có lúc chúng ta giận hờn vu vơ. Em vẫn nắm tay anh đấy. Đã có lúc chúng ta xảy ra những bất đồng. Cũng chẳng ai vội quay lưng. Cuộc sống có lúc khó khăn. Ta đã cùng đi qua. Và cho nhau những hi vọng. Vậy mà giấc mơ hai ta lại vỡ tan. Hoá thành cơn mưa ướt mái đầu. Người ta nói chia tay sẽ đau lắm đấy. Người ta nói chia tay. Sẽ khóc nhiều lắm đấy. Vậy mà em và anh. Chấp nhận rời xa nhau. Vậy mà ta chấp nhận. Rủi may cuộc đời mang đến. Mùa đông sang cô đơn lạnh buốt lắm đấy. Mùa đông sang hai ta. Chẳng còn bên nhau. Chẳng còn ai sưởi ấm đôi bàn tay nhau. Mùa đông năm nay không còn đủ ấm. Tháng mười ba trời đã cuối đông. Đường xa đôi bàn tay buốt giá. Phố vắng lạnh tênh. Tình mình lênh đênh. Ngẩn ngơ ngày mình xa nhau. Có đôi lúc nước mắt lại rơi. Ở nơi mình từng cười nói. Và có những thứ ngỡ rằng sẽ quên. Mà ta mất cả đời để quên. Người ta nói chia tay sẽ đau lắm đấy. Người ta nói chia tay. Sẽ khóc nhiều lắm đấy. Vậy mà em và anh. Chấp nhận rời xa nhau. Vậy mà ta chấp nhận. Rủi may cuộc đời mang đến. Mùa đông sang cô đơn lạnh buốt lắm đấy. Mùa đông sang hai ta. Chẳng còn bên nhau. Chẳng còn ai sưởi ấm đôi bàn tay nhau. Mùa đông năm nay không còn đủ ấm. Người ta nói chia tay sẽ đau lắm đấy. Người ta nói chia tay. Sẽ khóc nhiều lắm đấy. Vậy mà em và anh. Chấp nhận rời xa nhau. Vậy mà ta chấp nhận. Rủi may cuộc đời mang đến. Mùa đông sang cô đơn lạnh buốt lắm đấy. Mùa đông sang hai ta. Chẳng còn bên nhau. Chẳng còn ai sưởi ấm đôi bàn tay nhau. Mùa đông năm nay không còn đủ ấm. Mùa đông năm nay. Không còn đủ ấm
Lời Hứa Mùa Đông,"Khánh Phương, Quỳnh Nga","Ngày hôm qua còn nhau. Tình ta vốn thiết tha. Bên nhau yêu thương thật say đắm. Hẹn thề nhau ngày sau. Sẽ chung bước bên nhau. Ngàn năm mãi luôn chung một đường. Mà sao giờ đây, tình yêu sớm chia xa. Tim yêu phôi pha tình đôi ngã. Người mang theo niềm vui. Còn anh đứng bơ vơ. Mà nghe thế gian như cuồng quay. Hỏi một điều trăng sao. Vì sao tình ta chia lìa đôi ngã. Bởi lẽ có duyên nhưng không nợ. Hỏi rằng lời thề xưa. Vì sao người quên ân tình tan vỡ. Có lẽ chúng mình không hợp nhau. Biệt ly tiễn em đi xa. Tận chân trời muôn trùng mây. Mà nghe nhói tim đau. Muôn ngày sau không còn chung bước. Người chắc giờ đây đang từng êm ấm. Có lẽ riêng mình ta lẻ loi. Mùa đông của năm xưa. Khi còn em chẳng thấy lạnh giá. Mùa đông của năm nay. Không còn em tâm hồn băng giá. Biệt khúc mùa đông nghe lòng tan nát. Vì sao chúng ta mãi lìa xa. Và ngày hôm qua. Tình ta vốn thiết tha. Yêu nhau bên nhau thật say đắm. Hẹn thề nhau ngày sau. Cùng chung bước bên nhau. Ngàn năm mãi luôn chung một đường. Mà sao giờ đây, tình yêu sớm chia xa. Tim yêu phôi pha tình đôi ngã. Người mang theo niềm vui. Còn anh đứng mãi bơ vơ. Mà nghe thế gian sao cuồng quay. Hỏi một điều trăng sao. Vì sao tình ta chia lìa đôi ngã. Bởi lẽ có duyên nhưng không nợ. Hỏi rằng lời thề xưa. Vì sao người quên ân tình tan vỡ. Có lẽ chúng mình không hợp nhau. Biệt ly tiễn em đi xa. Tận chân trời muôn trùng mây. Mà nghe nhói tim đau. Muôn ngày sau không còn chung bước. Người chắc giờ đây đang từng êm ấm. Có lẽ riêng mình ta lẻ loi. Mùa đông của năm xưa. Khi còn em chẳng thấy lạnh giá. Mùa đông của năm nay. Không còn em tâm hồn băng giá. Biệt khúc mùa đông nghe lòng tan nát. Vì sao chúng ta mãi lìa xa. Biệt ly tiễn em đi xa. Tận chân trời muôn trùng mây. Mà nghe nhói tim đau. Muôn ngày sau không còn chung bước. Người chắc giờ đây đang từng ngày êm ấm. Có lẽ riêng mình ta lẻ loi. Mùa đông của năm xưa. Khi còn em chẳng thấy lạnh giá. Mùa đông của năm nay. Không còn em tâm hồn băng giá. Biệt khúc mùa đông nghe lòng tan nát. Vì sao chúng ta mãi lìa xa. Biệt khúc mùa đông nghe lòng thầm tan nát. Vì sao chúng ta mãi lìa xa"
Tiểu Thuyết Mùa Đông,Khang Luân,Nhìn về nơi nào buồn ngóng trông người. Người ở phương xa nào hay biết tới. Phải làm sao đây để quên được người. Trong mùa đông không thấy tim lạnh câm. Vậy là ta đã rời xa thật rồi. Để lại trong anh ngàn muôn nỗi nhớ. Và mùa đông xưa giờ đã xa rồi. Không còn giây phút ấm êm ngày xưa. Từng phong thư anh đã viết tặng người. Là từng trang giấy. Trong tiểu thuyết mùa đông. Rồi mùa đông đến anh lại viết cho người. Nhưng mà nay em đã quên tình xưa anh trao. Tình bao năm giờ tan mau còn riêng anh. Ngồi đây với những ân tình xưa kia. Dần phai mau. Về nơi đâu còn hay nhớ chăng tình tôi. Nhìn về nơi nào buồn ngóng trông người. Người ở phương xa nào hay biết tới. Phải làm sao đây để quên được người. Trong mùa đông không thấy tim lạnh câm. Vậy là ta đã rời xa thật rồi. Để lại trong anh ngàn muôn nỗi nhớ. Và mùa đông xưa giờ đã xa rồi. Không còn giây phút ấm êm ngày xưa. Từng phong thư anh đã viết tặng người. Là từng trang giấy. Trong tiểu thuyết mùa đông. Rồi mùa đông đến anh lại viết cho người. Nhưng mà nay em đã quên tình xưa anh trao. Tình bao năm giờ tan mau còn riêng anh. Ngồi đây với những ân tình xưa kia. Dần phai mau. Về nơi đâu còn hay nhớ chăng tình tôi. Tình bao năm giờ tan mau còn riêng anh. Ngồi đây với những ân tình xưa kia. Dần phai mau. Về nơi đâu còn hay nhớ chăng tình tôi. Tình bao năm giờ tan mau còn riêng anh. Ngồi đây với những ân tình xưa kia. Dần phai mau. Về nơi đâu còn hay nhớ chăng tình tôi
Và Mùa Đông Sang,"Thu Phương, Hoàng Dũng",Mùa đông đã về. Mùa đông dài lê thê. Mùa đông đến rồi. Mùa đông gần bên tôi. Chạy nhanh ra phố. Ấm áp một tách cafe thơm. Chạy nhanh ra phố. Ban sớm lay khẽ làn hơi sương. Và mùa đông sớm nay đã về. Mà hồn ta ở đâu không về ngủ mê ta buồn. Mùa đông đã về. Tìm lại mùi hương quen. Mùa đông đến rồi. Tìm đâu vòng tay quen. Chạy nhanh ra phố. Mong lắm hơi ấm bàn tay ai. Chạy nhanh ra phố. Mong tiếng ai nói còn bên tai. Chợt nhận ra phố thưa vắng người. Chợt nhận ra nét môi không cười. Buồn hiu lạnh lẽo. Mùa đông không có em đông như dài thêm. Mùa đông không có anh nỗi buồn từng đêm. Chợt nhận ra phố thưa vắng người. Chợt nhận ra nét môi không cười giờ đây xa mãi. Mùa đông không có anh phố khuya lặng im. Mùa đông không có anh lời ca em rất buồn. Vì mùa đông sớm nay đã về. Mà hồn ta ở đâu không về. Đợi ai ta buồn mình ta. Mùa đông đã về. Quyện trong mùi khoai thơm. Mùa đông đến rồi. Quyện tan vào sương đêm. Chạy nhanh ra phố ta biết sẽ mãi là cô đơn. Chạy nhanh ra phố ta sẽ thôi hát bài ca xưa. Và mùa đông sớm nay đã về. Mà hồn ta ở đâu không về ngủ mê lạnh lẽo. Mùa đông không có anh đông như dài thêm. Mùa đông không có anh nỗi buồn từng đêm. Chợt nhận ra phố thưa vắng người. Chợt nhận ra nét môi không cười giờ đây xa mãi. Mùa đông không có anh phố khuya lặng im. Mùa đông không có anh lời ca em rất buồn. Vì mùa đông sớm nay đã về. Mà hồn ta ở đâu không về. Đợi ai mình ta. Mùa đông không có anh đông như dài thêm. Mùa đông không có anh nỗi buồn từng đêm. Chợt nhận ra phố thưa vắng người. Chợt nhận ra nét môi không cười giờ đây xa mãi. Mùa đông không có anh phố khuya lặng im. Mùa đông không có anh lời ca em rất buồn. Vì mùa đông sớm nay đã về. Mà hồn ta ở đâu không về. Đợi ai ta buồn mình ta
Mùa Đông Anh Lại Một Mình,Tam Hổ,ông Anh Lại Một Mình. Ca sĩ: Tam Hổ. Có một người. Từng đêm buồn. Ngồi co ro. Giữa đêm mùa đông. Ngước lên cao. Thầm ước ao. Một nỗi đau. Sẽ mãi chìm sâu. Nhớ một chiều. Mùa đông về. Mình cùng nhau. Ngắm muôn vì sao. Tựa vai nhau. Ngồi rất lâu. Nghe mùi hương. Gió đông đang về. Cũng đông ấy. Em âm thầm. Đổi thay để. Tình mình vỡ tan. Cũng vì em. Em dối gian. Cũng vì anh. Anh quá tin. Giờ đông đến. Em không còn. Còn đây những. Kỉ niệm dở dang. Giữa màn đêm. Anh nhớ em. Vì em trái tim. Anh lạnh lùng. Có một người. Từng đêm buồn. Ngồi co ro. Giữa đêm mùa đông. Ngước lên cao. Thầm ước ao. Một nỗi đau. Sẽ mãi chìm sâu. Nhớ một chiều. Mùa đông về. Mình cùng nhau. Ngắm muôn vì sao. Tựa vai nhau. Ngồi rất lâu. Nghe mùi hương. Gió đông đang về. Cũng đông ấy. Em âm thầm. Đổi thay để. Tình mình vỡ tan. Cũng vì em. Em dối gian. Cũng vì anh. Anh quá tin. Giờ đông đến. Em không còn. Còn đây những. Kỉ niệm dở dang. Giữa màn đêm. Anh nhớ em. Vì em trái tim. Anh lạnh lùng. Cũng đông ấy. Em âm thầm. Đổi thay để. Tình mình vỡ tan. Cũng vì em. Em dối gian. Cũng vì anh. Anh quá tin. Giờ đông đến. Em không còn. Còn đây những. Kỉ niệm dở dang. Giữa màn đêm. Anh nhớ em. Vì em trái tim. Anh lạnh lùng. Giữa màn đêm. Anh nhớ em. Vì em trái tim. Anh giá băng
Mùa Đông Vắng Em,Khánh Đơn,Bài Hát: Mùa Đông Vắng Em. Ca Sĩ: Khánh Đơn. Từ ngày. Tình mình tan vỡ. Biết không. Anh vẫn thầm. Nhớ em. Bao đêm lang thang. Đêm mùa đông anh giá lạnh. Làm cho anh lại càng. Mong nhớ. Vào một ngày đông. Năm đó. Chúng ta đã tình cờ. Thấy nhau. Em như ngôi sao. Trong màn đêm. Đến bất chợt. Sưởi ấm trái tim băng giá. Của anh. Mùa đông không hề đến. Từ lúc anh có người. Những ngày bên em. Đã quá hạnh phúc với anh. Ngồi bên cạnh em. Anh nghe trong đêm mùa đông. Trào dâng. Bao là hơi ấm. Rồi em yêu người ấy. Đành lãng quên tháng ngày. Chỉ còn riêng anh. Vẫn cứ ngồi nhớ với mong. Mùa đông lại đến. Sao anh thấy quá lạnh lùng. Có lẽ bởi vì. Không còn em. Từ ngày. Tình mình tan vỡ. Biết không. Anh vẫn thầm. Nhớ em. Bao đêm lang thang. Đêm mùa đông anh giá lạnh. Làm cho anh lại càng. Mong nhớ. Vào một ngày đông. Năm đó. Chúng ta đã tình cờ. Thấy nhau. Em như ngôi sao. Trong màn đêm. Đến bất chợt. Sưởi ấm trái tim băng giá. Của anh. Mùa đông không hề đến. Từ lúc anh có người. Những ngày bên em. Đã quá hạnh phúc với anh. Ngồi bên cạnh em. Anh nghe trong đêm mùa đông. Trào dâng. Bao là hơi ấm. Rồi em yêu người ấy. Đành lãng quên tháng ngày. Chỉ còn riêng anh. Vẫn cứ ngồi nhớ với mong. Mùa đông lại đến. Sao anh thấy quá lạnh lùng. Có lẽ bởi vì. Không còn em. Mùa đông không hề đến. Từ lúc anh có người. Những ngày bên em. Đã quá hạnh phúc với anh. Ngồi bên cạnh em. Anh nghe trong đêm mùa đông. Trào dâng. Bao là hơi ấm. Rồi em yêu người ấy. Đành lãng quên tháng ngày. Chỉ còn riêng anh. Vẫn cứ ngồi nhớ với mong. Mùa đông lại đến. Sao anh thấy quá lạnh lùng. Có lẽ bởi vì. Không còn em. Mùa đông lại đến. Sao anh thấy quá lạnh lùng. Có lẽ bởi vì. Không còn em
Giấc Mơ Mùa Đông,Đan Trường,ùa Đông. Ca sĩ: Đan Trường. Những giấc mơ trong tim. Giờ đây em đã xa rồi. Mùa đông đã qua. ôi cơn mơ vụt hết. Tình buồn giờ đây. ôi con tim mình. Giá băng nơi chân trời. Người tình giờ xa. Một giấc mơ tuôn. Nghe đâu đây mùa đông. đang quay về. Ôi từng chiếc lá úa. Lác đác mùa thu rơi. Mơ một đêm cuối đông. Cùng người dấu yêu ngày xưa. Dẫu đã có tiếc nuối. Cơn mơ đầu. Đông dài mòn hết. Những ước muốn. Còn hoài mong. Ôi mùa đông đã xa. Và giấc mơ vội tan. Người yêu hỡi. Giờ còn đâu. Ôi vòng tay giờ đây. đã giá băng. Những giấc mơ trong tim. Giờ đây em đã xa rồi. Mùa đông đã qua. ôi cơn mơ vụt hết. Tình buồn giờ đây. ôi con tim mình. Giá băng nơi chân trời. Người tình giờ xa. Một giấc mơ tuôn. Những giấc mơ trong tim. Giờ đây em đã xa rồi. Mùa đông đã qua. ôi cơn mơ vụt hết. Tình buồn giờ đây. ôm con tim mình. Giá băng nơi chân trời. Người tình giờ xa. Một giấc mơ qua. Và một mùa đông. Với giấc mơ buồn. Nghe đâu đây mùa đông. đang quay về. Ôi từng chiếc lá úa. Lác đác mùa thu rơi. Mơ một đêm cuối đông. Cùng người dấu yêu ngày xưa. Dẫu đã có tiếc nuối. Cơn mơ đầu. Đông dài mòn hết. Những ước muốn. Còn hoài mong. Ôi mùa đông đã xa. Và giấc mơ vội tan. Người yêu hỡi. Giờ còn đâu. Ôi vòng tay giờ đây. đã giá băng. Những giấc mơ trong tim. Giờ đây em đã xa rồi. Mùa đông đã qua. ôi cơn mơ vụt hết. Tình buồn giờ đây. ôi con tim mình. Giá băng nơi chân trời. Người tình giờ xa. Một giấc mơ tuôn. Những giấc mơ trong tim. Giờ đây em đã xa rồi. Mùa đông đã qua. ôi cơn mơ vụt hết. Tình buồn giờ đây. ôm con tim mình. Giá băng nơi chân trời. Người tình giờ xa. Một giấc mơ qua. Và một mùa đông. Với giấc mơ buồn
Mùa Đông Không Lạnh Nữa,Hồ Trung Dũng,"Bài Hát: Mùa Đông Không Lạnh Nữa. Ca Sĩ: Hồ Trung Dũng. Em. Ngoài kia gió đông đang về vây quanh.. Em. Ngoài kia phố khuya buồn tênh.. Anh. Nhìn em lặng yên run run vai gầy.. Anh. Nhìn em cảm thấy càng thấy thương hơn.. Đêm đông kia dài lắm.. Đôi vai em gầy lắm.. Đôi vai em cần lắm ... đôi vai. Cầm tay anh người nhé. Để anh dìu em bước qua đông dài.. Tựa vai anh thật khẽ. Hỡi em. Tìm hơi ấm quen.. Mùa đông không lạnh nữa. Hỡi em. Nụ môi anh còn vẫn đợi.. Mùa đông không lạnh nữa. Hỡi em. Nếu môi tìm về môi nhau.. Cầm tay anh người nhé. Hỡi em về đây với anh, đêm này.. Mình yêu nhau người nhé. Có nhau, bờ vai sát vai.. Mùa đông không lạnh nữa. Hỡi em. Tình yêu anh còn vẫn gọi.. Gọi tên em để biết. Biết em. Cũng luôn tìm về nơi anh.. Em. Ngoài kia gió đông đang về vây quanh.. Em. Ngoài kia phố khuya buồn tênh.. Anh. Nhìn em lặng yên run run vai gầy.. Anh. Nhìn em cảm thấy càng thấy thương hơn.. Đêm đông kia dài lắm.. Đôi vai em gầy lắm.. Đôi vai em cần lắm ... đôi vai. Cầm tay anh người nhé. Để anh dìu em bước qua đông dài.. Tựa vai anh thật khẽ. Hỡi em. Tìm hơi ấm quen.. Mùa đông không lạnh nữa. Hỡi em. Nụ môi anh còn vẫn đợi.. Mùa đông không lạnh nữa. Hỡi em. Nếu môi tìm về môi nhau.. Cứ thế nhé, xiết tay anh phút giây này.. Sẽ đến lúc, nắng mai lên, tan đêm dài.. Hãy để anh ôm em chặt, ấm vòng tay.. Những đắm say, xua cơn lạnh của mùa đông.. Cầm tay anh người nhé. Hỡi em về đây với anh, đêm này.. Mình yêu nhau người nhé. Có nhau, bờ vai sát vai.. Mùa đông không lạnh nữa. Hỡi em. Tình yêu anh còn vẫn gọi.. Gọi tên em để biết. Biết em. Cũng luôn tìm về nơi anh.. Gọi tên em để biết. Biết em. Cũng luôn tìm về ... nơi anh."
Nỗi Buồn Theo Cùng Mùa Đông,Nam Vương Bảo Lê,Bóng đêm dần tàn. Gửi lại chút vấn vương. Đường xưa in nhớ thương. Hằn sâu trong tâm trí. Bước đôi chân vội vàng. Đoạn đường nay vắng tênh. Chợt nhìn lại đã không còn ai. Tuyết đã rơi nhiều hơn. Giờ này em ở đâu. Lạnh lắm em biết không. Ngỡ như mưa trong lòng. Buốt con tim kìm lại. Giọt lệ trên khóe mi. Sâu tận tâm can. Nỗi buồn chẳng tan. Hạnh phúc của anh. Chỉ có em bên đời. Cớ sao trời cao kia. Ngăn cách mình hai nơi. Thế gian rộng lớn. Sao ta cứ phải cô đơn. Giữa muôn vạn người. Sao cứ phải là em. Giờ thiên đường ấy. Em thấy có vui không. Nỡ bỏ lại nơi đây. Một người ôm cay đắng. Làm sao để quên đi. Niềm đau giấu trong tim. Có chăng là nỗi buồn. Theo ta cùng mùa đông. Em đã đi xa thật rồi. Để lại đây mình anh. Giữa trời đông lạnh căm. Nỗi đau cùng tuyết rơi. Tuyết đã rơi nhiều hơn. Giờ này em ở đâu. Lạnh lắm em biết không. Ngỡ như mưa trong lòng. Buốt con tim kìm lại. Giọt lệ trên khóe mi. Sâu tận tâm can. Nỗi buồn chẳng tan. Hạnh phúc của anh. Chỉ có em bên đời. Cớ sao trời cao kia. Ngăn cách mình hai nơi. Thế gian rộng lớn. Sao ta cứ phải cô đơn. Giữa muôn vạn người. Sao cứ phải là em. Giờ thiên đường ấy. Em thấy có vui không. Nỡ bỏ lại nơi đây. Một người ôm cay đắng. Làm sao để quên đi. Niềm đau giấu trong tim. Có chăng là nỗi buồn. Theo ta cùng mùa đông. Hạnh phúc của anh. Chỉ có em bên đời. Cớ sao trời cao kia. Ngăn cách mình hai nơi. Thế gian rộng lớn. Sao ta cứ phải cô đơn. Giữa muôn vạn người. Sao cứ phải là em. Giờ thiên đường ấy. Em thấy có vui không. Nỡ bỏ lại nơi đây. Một người ôm cay đắng. Làm sao để quên đi. Niềm đau giấu trong tim. Có chăng là nỗi buồn. Theo ta cùng mùa đông. Làm sao để quên đi. Niềm đau giấu trong tim. Có chăng là nỗi buồn. Theo ta cùng mùa đông
Em Quên Mùa Đông,Lam Trường,"Em đi rồi. Em đi một mùa đông. Em đi rồi. Em quên một dòng sông. Em đi rồi. Từ đây.... Từng con sóng. Vỗ trong lòng. Đời mênh mông, mênh mông. Em đi rồi. Anh ở lại mùa đông. Em đi rồi. Em bỏ lại dòng sông. Em đi rồi. Đời anh. Như nỗi sóng. Bóng sông dài. Lồng lộng. Mấy mùa đông.. Biết..... Em quên mùa đông. Quên tình đầu sao em. Tiễn..... Em qua dòng sông. Nước vẫn xanh một dòng. Sao em quên em quên. Bóng con đò năm ấy. Biết em quên tình anh. Như một lần sang sông. Tiễn em đi mùa đông. Tiếng mưa rơi lạnh lùng. Ai ca câu ca xưa. Giữa đôi bờ cát trắng. Biết ..... Em quên mùa đông. Quên được tình xưa không. Biết...... Em quên mùa đông. Quên được người xưa không.. Em đi rồi. Anh ở lại mùa đông. Em đi rồi. Em bỏ lại dòng sông. Em đi rồi. Đời anh. Như nỗi sóng. Bóng sông dài. Lồng lộng. Mấy mùa đông.. Biết..... Em quên mùa đông. Quên tình đầu sao em. Tiễn..... Em qua dòng sông. Nước vẫn xanh một dòng. Sao em quên em quên. Bóng con đò năm ấy. Biết em quên tình anh. Như một lần sang sông. Tiễn em đi mùa đông. Tiếng mưa rơi lạnh lùng. Ai ca câu ca xưa. Giữa đôi bờ cát trắng. Biết ..... Em quên mùa đông. Quên được tình xưa không. Biết...... Em quên mùa đông. Quên được người xưa không.. Biết..... Em quên mùa đông. Quên tình đầu sao em. Tiễn..... Em qua dòng sông. Nước vẫn xanh một dòng. Sao em quên em quên. Bóng con đò năm ấy. Biết ..... Em quên mùa đông. Quên được tình xưa không. Biết...... Em quên mùa đông. Quên được người xưa không.. Biết ..... Em quên mùa đông. Quên được tình xưa không. Biết...... Em quên mùa đông. Quên..... Được người..... Xưa không......"
Mùa Đông Và Mưa,3288,Tôi và em gặp nhau. Một chiều gió đông và mưa vừa qua. Lòng hân hoan khi em. Đã hé môi cười xong lườm tôi. Tôi thương em từ lâu. Mà chẳng dám ra hẹn em một câu. Vì bên em thời gian trôi rất mau. Tôi và em dạo quanh. Một chiều gió đông và mưa vừa tan. Chiều hôm nay tôi có một vòng tay. Rồi mùa đông và mưa lại sang. Khiến trái tim này chợt băng giá. Nên tôi muốn được. Ôm em thêm một chút thôi. Hạnh phúc đây rồi chờ tôi theo với. Mình cùng sánh vai. Ta đến cuối nơi chân trời. Chờ giây phút yên bình. Và con tim khẽ buông lơi. Để nói một lời. Em hãy làm người yêu anh nhé. Mưa mây đông em một mình lẻ loi. Mưa mây đông và hai chúng ta. Tôi và em dạo quanh. Một chiều gió đông và mưa vừa tan. Chiều hôm nay tôi có một vòng tay. Rồi mùa đông và mưa lại sang. Khiến trái tim này chợt băng giá. Nên tôi muốn được. Ôm em thêm một chút thôi. Hạnh phúc đây rồi chờ tôi theo với. Mình cùng sánh vai. Ta đến cuối nơi chân trời. Chờ giây phút yên bình. Và con tim khẽ buông lơi. Để nói một lời. Em hãy làm người yêu anh nha. Chờ giây phút yên bình. Và con tim khẽ buông lơi. Để nói một lời. Em hãy làm người yêu anh nhá
"Nỗi Nhớ Mùa Đông, Cửa Sổ Mùa Đông","Thu Phương, Bằng Kiều",Làm sao về được mùa đông. Dòng sông đôi bờ cát trắng. Làm sao về được mùa đông. Để nghe chuông chiều xa vắng. Thôi đành ru lòng mình vậy. Vờ như mùa đông đã về. Dường như ai đi ngang cửa. Gió mùa đông bắc se lòng. Chút lá thu vàng đã rụng. Chiều nay cũng bỏ ta đi. Nằm nghe xôn xao tiếng đời. Mà ngỡ ai đó nói cười. Bỗng nhớ cánh buồm xưa ấy. Giờ đây cũng bỏ ta đi. Làm sao về được mùa đông. Dòng sông đôi bờ cát trắng. Làm sao về được mùa đông. Để nghe chuông chiều xa vắng. Thôi đành ru lòng mình vậy. Vờ như mùa đông đã về. Làm sao về được mùa đông. Dòng sông đôi bờ cát trắng. Làm sao về được mùa đông. Mùa thu cây cầu đã gãy. Thôi đành ru lòng mình vậy. Vờ như mùa đông đã về. Thôi đành ru lòng mình vậy. Vờ như mùa đông mùa đông đã về. Mùa đông này gió bấc. Mùa đông này khói thuốc. Trắng ô cửa sổ mùa đông mưa. Một đời tôi làm thơ. Một đời tôi mộng mơ. Để rồi đến bây giờ bây giờ. Tìm em làn gió bấc. Tìm em làn khói thuốc. Những ô cửa sổ mùa đông mưa. Làm sao không là thơ. Làm sao không là mơ. Để rồi mãi xa vời mà thôi. Nghe bâng khuâng. Mùa đông mùa đông. Ô cửa sổ xa vắng. Trong cơn mơ mùa đông mùa đông. Em là câu hát buồn. Mưa bay đi và câu tình ca. Mãi chỉ buồn như thế. Tan cơn mơ và em thật xa. Không làm sao giữ lại. Nghe bâng khuâng. Mùa đông mùa đông. Ô cửa sổ xa vắng. Nao nao trong mùa đông mùa đông. Những kỷ niệm thoáng buồn. Mưa bay đi và câu tình ca. Mãi chỉ buồn như thế. Em hay chăng tình yêu của tôi. Mãi ở lại suốt đời
Mùa Đông Khóc,Quách Thành Danh,"Mùa đông đến gió nhẹ. Bay anh ở đây một mình. Bao đêm đông vắng. Em anh buồn âm thầm. Giọt nước mắt anh nhẹ. Lăn em nào đâu hay rằng. Khi yêu em anh đã. Không còn là anh.. Lời em nói yêu mình anh,. Anh còn mang trong lòng. Anh không tin có. Khi em lại vô tình. Nào biết trước em sẽ đi,. Em gạt bao kỷ niệm. Dù anh đang yêu em. Hơn bản thân của anh.. Chợt em nói thôi ta chia tay,. Ta không hợp nhau phải dừng lại. Rồi em đi cho dù anh. Cố giữ chặt tay. Từng câu nói anh nghe. Bên tai vẫn không. Thể tin sự thật này. Từng ngày anh cứ ôm. Nỗi buồn thật đầy.. Mùa đông đến đôi mi anh cay. Khi không còn em như ngày nào. Buồn mênh mông nên. Mùa đông khóc cùng anh. Tại sao cứ yêu em,. Thương em dẫu em. Hôm nay phũ phàng. Bỏ mặc anh với cô đơn. Từng ngày buồn.. Sao em quên mau đi. Tình yêu mà ta từng đã có. Sao em vô tâm,. Sao em quá vô tình. Anh luôn yêu em, yêu hơn. Những gì mà anh từng đã có. Sao em buông tay anh. Khi anh luôn cần em.. Lời em nói yêu mình anh,. Anh còn mang trong lòng. Anh không tin có. Khi em lại vô tình. Nào biết trước em sẽ đi,. Em gạt bao kỷ niệm. Dù anh đang yêu em. Hơn bản thân của anh.. Chợt em nói thôi ta chia tay,. Ta không hợp nhau phải dừng lại. Rồi em đi cho dù anh. Cố giữ chặt tay. Từng câu nói anh nghe. Bên tai vẫn không. Thể tin sự thật này. Từng ngày anh cứ ôm. Nỗi buồn thật đầy.. Mùa đông đến đôi mi anh cay. Khi không còn em như ngày nào. Buồn mênh mông nên. Mùa đông khóc cùng anh. Tại sao cứ yêu em,. Thương em dẫu em. Hôm nay phũ phàng. Bỏ mặc anh với cô đơn. Từng ngày buồn.. Chợt em nói thôi ta chia tay,. Ta không hợp nhau phải dừng lại. Rồi em đi cho dù anh. Cố giữ chặt tay. Từng câu nói anh nghe. Bên tai vẫn không. Thể tin sự thật này. Từng ngày anh cứ ôm. Nỗi buồn thật đầy.. Mùa đông đến đôi mi anh cay. Khi không còn em như ngày nào. Buồn mênh mông nên. Mùa đông khóc cùng anh. Tại sao cứ yêu em,. Thương em dẫu em. Hôm nay phũ phàng. Bỏ mặc anh với cô đơn. Từng ngày buồn.. Sao em quên mau đi. Tình yêu mà ta từng đã có. Sao em vô tâm,. Sao em quá vô tình. Anh luôn yêu em, yêu hơn. Những gì mà anh từng đã có. Sao em buông tay anh. Khi anh luôn cần em."
Nỗi Nhớ Mùa Đông,Lệ Quyên,..::: Nỗi Nhớ Mùa Đông :::... Lệ Quyên. Dường như ai đi ngang cửa.. Gió mùa đông bắc se lạnh.. Chút lá thu vàng đã rụng.. Chiều nay cũng bỏ ta đi.. Nằm nghe xôn xao tiếng đời.. Mà ngỡ ai đó nói cười.. Bỗng nhớ cánh buồm xưa ấy.. Giờ đây cũng bỏ ta đi.. Làm sao về được mùa đông.. Dòng sông đôi bờ cát trắng.. Làm sao về được mùa đông.. Để nghe chuông chiều xa vắng.. Thôi đành ru lòng mình vậy.. Vờ như mùa đông đã về.. Dường như ai đi ngang cửa.. Gió mùa đông bắc se lạnh.. Chút lá thu vàng đã rụng.. Chiều nay cũng bỏ ta đi.. Nằm nghe xôn xao tiếng đời.. Mà ngỡ ai đó nói cười.. Bỗng nhớ cánh buồm xưa ấy.. Giờ đây cũng bỏ ta đi.. Làm sao về được mùa đông.. Dòng sông đôi bờ cát trắng.. Làm sao về được mùa đông.. Để nghe chuông chiều xa vắng.. Thôi đành ru lòng mình vậy.. Vờ như mùa đông đã về.. Làm sao về được mùa đông.. Dòng sông đôi bờ cát trắng.. Làm sao về được mùa đông.. Mùa thu cây cầu đã gãy.. Thôi đành ru lòng mình vậy.. Vờ như mùa đông đã về.. Thôi đành ru lòng mình vậy.. Vờ như..... mùa đông.... đã về.
Hương Vị Mùa Đông,Kai Đinh,"Trời lạnh căm, rét run. Em lạnh lắm không. Anh nói rồi ôm em. Hương vị của mùa đông. Chiều ra phố, áo len. Khăn choàng quanh mình. Mùi cà phê thơm nức. Đèn xung quanh lung linh. Ngày mình mới gần nhau. Những chiếc hôn còn luôn rất sâu. Ai biết được, thế giới này. Tàn nhẫn như vậy. Đôi khi mình lại. Không hay biết là mình đang yêu. Cho đến khi lòng mình lên tiếng. Mới hay đã yêu quá nhiều. Có những chiều đạp xe ngược gió. Bão tố kia giăng kín lòng. Nhớ về những hương vị mùa đông. Trời về đêm, gió nhiều. Em ngồi sát bên. Quán ăn nghi ngút khói. Đôi má em dần hồng lên. Mùi bánh mới ra. Mùi sữa, có thế thôi. Mùi một sáng tinh tươm. À hạnh phúc đây rồi. Mùi những giấc mơ. Của những đứa trẻ thơ. Ai biết được, thế giới này. Rồi tàn nhẫn như vậy. Đôi khi mình lại. Không hay biết là mình đang yêu. Cho đến khi lòng mình lên tiếng. Mới hay đã yêu quá nhiều. Có những chiều đạp xe ngược gió. Bão tố kia giăng kín lòng. Nhớ về những hương vị mùa đông. Những hương vị mùa đông năm ấy. Có thể nào quên sao. Cuối cùng rồi tình yêu đi mất. Cũng không ai biết giữ cách nào. Chúng ta đều là những đứa bé. Cứ thế khóc mỗi khi tổn thương. Dù biết chẳng có ai thay mình lớn lên. Nếu được, có thể nào đừng lớn lên"
Một Ngày Mùa Đông,Vũ Thảo My,Bài Hát: Một Ngày Mùa Đông. Ca Sĩ: Vũ Thảo My. Rồi một ngày. Trời không biếc xanh. Rồi một ngày. Hàng cây vắng tanh. Và cơn gió. Mang mùa đông tới. Cuốn bay theo đám lá. Vàng rơi. Bờ cỏ này. Giọt sương đã tan. Bậc thềm này. Còn in dấu chân. Mùa đông tới. Em chờ anh mãi. Lá hoa thu sang nay đã. Úa tàn. Giờ đây em biết. Em biết đã mất anh. Rồi đấy. Ngày mùa đông đến nghe. Vắng xa tiếng mưa phùn rơi. Lòng em đau đớn. Nhưng trái tim vẫn như. Thầm nói. Còn yêu mãi. Giờ đây em biết. Em biết đã mất anh. Rồi đấy. Ngày mùa đông đến nghe. Vắng xa tiếng mưa phùn rơi. Lòng em đau đớn. Nhưng trái tim vẫn như. Thầm nói. Em mãi yêu anh. Rồi một ngày. Trời không biếc xanh. Rồi một ngày. Hàng cây vắng tanh. Và cơn gió. Mang mùa đông tới. Cuốn bay theo đám lá. Vàng rơi. Bờ cỏ này. Giọt sương đã tan. Bậc thềm này. Còn in dấu chân. Mùa đông tới. Em chờ anh mãi. Lá hoa thu sang nay đã. Úa tàn. Giờ đây em biết. Em biết đã mất anh. Rồi đấy. Ngày mùa đông đến nghe. Vắng xa tiếng mưa phùn rơi. Lòng em đau đớn. Nhưng trái tim vẫn như. Thầm nói. Còn yêu mãi. Giờ đây em biết. Em biết đã mất anh. Rồi đấy. Ngày mùa đông đến nghe. Vắng xa tiếng mưa phùn rơi. Lòng em đau đớn. Nhưng trái tim vẫn như. Thầm nói. Em mãi yêu. Anh. Giờ đây em biết. Em biết đã mất anh. Rồi đấy. Ngày mùa đông đến nghe. Vắng xa tiếng mưa phùn rơi. Lòng em đau đớn. Nhưng trái tim vẫn như. Thầm nói. Còn yêu mãi. Giờ đây em biết. Em biết đã mất anh. Rồi đấy. Ngày mùa đông đến nghe. Vắng xa tiếng mưa phùn rơi. Lòng em đau đớn. Nhưng trái tim vẫn như. Thầm nói. Em mãi yêu. Anh
Nhớ Anh Mùa Đông,Hương Tràm,Bài Hát: Nhớ Anh Mùa Đông. Ca Sĩ: Hương Tràm. Từ trong mùa đông cánh chim. Màu hoàng hôn đang tan cuối trời. Một màu xanh nằm yên ở đâu rồi. Sao không tới cho mây chiều sáng hơn. Tìm anh mùa đông gió lạnh. Lòng nhìn qua xa xôi chân trời. Vừa hôm qua nằm nghe tiếng em ru. Anh đã nói yêu em thật nhiều. Và ngày đó. Đã biết anh sẽ xa rời em. Mà em vẫn. Thấy đôi chân như muốn ngã. Làm sao để đứng. Giữa muôn ngàn sương. Khi gió mưa đi trên con đường dài. Giờ thành con đường xưa cũ. Rồi một mai chợt thấy anh đứng. Nơi em chuyển mình rất mới. Em sẽ nói với riêng em một lời. Rằng hãy để trái tim kia. Ngủ yên trong sâu thẳm. Nụ cười thoáng trên môi. Trôi qua để chôn giấu. Mỗi mùa đông về đến. Em tìm lại chuyện xa xôi. Dù là chỉ trong tâm tư. Một mình nhớ anh. Là em đã thấy. Con tim ấm hơn rất nhiều. Từ trong mùa đông cánh chim. Màu hoàng hôn đang tan cuối trời. Một màu xanh nằm yên ở đâu rồi. Sao không tới cho mây chiều sáng hơn. Tìm anh mùa đông gió lạnh. Lòng nhìn qua xa xôi chân trời. Vừa hôm qua nằm nghe tiếng em ru. Anh đã nói yêu em thật nhiều. Và ngày đó. Đã biết anh sẽ xa rời em. Mà em vẫn. Thấy đôi chân như muốn ngã. Làm sao để đứng. Giữa muôn ngàn sương. Khi gió mưa đi trên con đường dài. Giờ thành con đường xưa cũ. Rồi một mai chợt thấy anh đứng. Nơi em chuyển mình rất mới. Em sẽ nói với riêng em một lời. Rằng hãy để trái tim kia. Ngủ yên trong sâu thẳm. Nụ cười thoáng trên môi. Trôi qua để chôn giấu. Mỗi mùa đông về đến. Em tìm lại chuyện xa xôi. Dù là chỉ trong tâm tư. Một mình nhớ anh. Là em đã thấy. Con tim ấm hơn rât nhiều. Mùi hương hoa sữa ngát bay. Dẫn lối em đi. Đi vào thật sâu. Tận nơi cuối cùng em đến. Nhớ thêm thật nhiều. Hàng cây khắp đường. Từng đàn chim rủ nhau rất xa. Xa mãi nơi nào về tới tận đâu. Gửi về anh một chút hương đó. Dù chỉ để anh biết tới. Mai chợt thấy anh đứng. Nơi em chuyển mình rất mới. Em sẽ nói với riêng em một lời. Rằng hãy để trái tim kia. Ngủ yên trong sâu thẳm. Nụ cười thoáng trên môi. Trôi qua để chôn giấu. Mỗi mùa đông về đến. Em tìm lại chuyện xa xôi. Dù là chỉ trong tâm tư. Một mình nhớ anh. Là em đã thấy. Con tim ấm hơn rât nhiều
Mãi Mãi Một Mùa Đông,Ưng Hoàng Phúc,ùa Đông. Ca sĩ: Ưng Hoàng Phúc. Biết em giờ đây. Chẳng còn yêu anh. Đắm say tình mới. Một mùa đông ấm. Giá băng về đây. Một mình anh thấu. Cố quên mà sao. Lòng còn yêu em. Biết anh còn yêu. Là còn đau thêm. Biết khi mùa đông. Về là anh sẽ. Nhớ em và bao. Kỉ niệm nơi đây. Khát khao nụ hôn. Ngọt ngào ta trao. Mùa đông đến. Từ ngày không em. Và xuân chẳng. Bao giờ trở lại. Anh đã biết anh sai. Dẫu cho lỗi lầm. Ngày nào em đã thứ tha. Cũng chẳng thể. Nào được như xưa. Vì em cũng. Không quay trở lại. Mùa đông sẽ mãi nơi đây. Sẽ mãi nơi đây. Giá băng. Giá băng con tim này. Biết em giờ đây. Chẳng còn yêu anh. Đắm say tình mới. Một mùa đông ấm. Giá băng về đây. Một mình anh thấu. Cố quên mà sao. Lòng còn yêu em. Biết anh còn yêu. Là còn đau thêm. Biết khi mùa đông. Về là anh sẽ. Nhớ em và bao. Kỉ niệm nơi đây. Khát khao nụ hôn. Ngọt ngào ta trao. Mùa đông đến. Từ ngày không em. Và xuân chẳng. Bao giờ trở lại. Anh đã biết anh sai. Dẫu cho lỗi lầm. Ngày nào em đã thứ tha. Cũng chẳng thể. Nào được như xưa. Vì em cũng. Không quay trở lại. Mùa đông sẽ mãi nơi đây. Sẽ mãi nơi đây. Giá băng. Giá băng con tim này. Mùa đông đến. Từ ngày không em. Và xuân chẳng. Bao giờ trở lại. Anh đã biết anh sai. Dẫu cho lỗi lầm. Ngày nào anh đã thứ tha. Cũng chẳng thể. Nào được như xưa. Vì em cũng. Không quay trở lại. Mùa đông sẽ mãi nơi đây. Sẽ mãi nơi đây. Giá băng. Giá băng con tim này
Phố Mùa Đông,Lê Hiếu,Phố sương mù. Phố chưa lên đèn. Núi quanh đồi. Như mùa trăng cũ. Từng dốc phố. Quấn quanh núi đồi. Vẫn đi tìm bóng trăng lẻ loi. Tháng mưa về. Tiếng mưa ru hời. Phố bên đồi. Đứng chờ em tới. Hồ xanh thẵm. Trong mưa buồn rơi. Tiếng em cười nói quanh đời tôi. Mai... Tôi đã rời xa núi đồi. Sẽ mang theo. Hương đêm ngày cũ. Lời tôi hát đồi núi chập chùng. Có đôi khi nhớ thiên đường xưa. Mai tôi sẽ rời xa kỷ niệm. Sẽ mang theo ánh trăng ngày thơ. Tình em có hằng vết son buồn. Khép đôi môi câu hát vô thường. Lối em về rẽ ngang phố chợ. Lũ thông già vẫn rì rào nhớ. Vì em đã mang theo ngày thơ. Ánh trăng về giữa đêm mộng mơ. Phố sương mù. Phố chưa lên đèn. Núi quanh đồi. Như mùa trăng cũ. Từng dốc phố. Quấn quanh núi đồi. Vẫn đi tìm bóng trăng lẻ loi. Tháng mưa về. Tiếng mưa ru hời. Phố bên đồi. Đứng chờ em tới. Hồ xanh thẵm. Trong mưa buồn rơi. Tiếng em cười nói quanh đời tôi. Mai... Tôi đã rời xa núi đồi. Sẽ mang theo. Hương đêm ngày cũ. Lời tôi hát đồi núi chập chùng. Có đôi khi nhớ thiên đường xưa. Mai tôi sẽ rời xa kỷ niệm. Sẽ mang theo ánh trăng ngày thơ. Tình em có hằng vết son buồn. Khép đôi môi câu hát vô thường. Lối em về rẽ ngang phố chợ. Lũ thông già vẫn rì rào nhớ. Vì em đã mang theo ngày thơ. Ánh trăng về giữa đêm mộng mơ. Ánh trăng về giữa đêm.... Mộng mơ
Mùa Đông Tàn Phai,Đan Trường,Tàn Phai. Ca sĩ: Đan Trường. Dòng sông cũ. Vẫn mãi êm trôi. Theo ngày tháng. Từng hàng cây rũ. Nghiêng nghiêng chìm trong. Bóng chiều xuống. Chiều trên bến cô liêu. Thầm mong nhớ. Tiếc thương ai hình bóng cũ. Giấc mơ âm thầm. Tan xuống vực sâu. Một mùa đông giá buốt. Chợt lạnh xám bờ môi. Ngoài trời mưa tuyết. Sao không ngừng rơi. để xót xa. Buồn lên gót phiêu du. Dài năm tháng. Cố xua tan hình bóng xưa. Mà sao không quên được em. Ngất ngây trong men rượu cay. Cô đơn anh mong em. đến bên anh. Giấc mơ bay mãi. Theo cánh chim rời xa. Đừng trách nhau chi. Cho thêm buồn đau. Khi cách xa. Hãy vui lên để khi thấy nhau. Không đớn đau. Sẽ không còn. Tình nồng ấm. Ngày tàn phai sẽ qua. Một mùa đông giá buốt. Chợt lạnh xám bờ môi. Ngoài trời mưa tuyết. Sao không ngừng rơi. để xót xa. Buồn lên gót phiêu du. Dài năm tháng. Cố xua tan hình bóng xưa. Mà sao không quên được em. Ngất ngây trong men rượu cay. Cô đơn anh mong em. đến bên anh. Giấc mơ bay mãi. Theo cánh chim rời xa. Đừng trách nhau chi. Cho thêm buồn đau. Khi cách xa. Hãy vui lên để khi thấy nhau. Không đớn đau. Sẽ không còn. Mình cất tiếng hát. Giữa bờ sông vắng. Giấc mơ bay mãi. Theo cánh chim rời xa. Đừng trách nhau chi. Cho thêm buồn đau. Khi cách xa. Hãy vui lên để khi thấy nhau. Không đớn đau. Sẽ không còn. Tình nồng ấm. Ngày tàn phai. Sẽ qua. Giấc mơ bay mãi. Theo cánh chim rời xa. Đừng trách nhau chi. Cho thêm buồn đau. Khi cách xa. Hãy vui lên để khi thấy nhau. Không đớn đau. Sẽ không còn. Mình cất tiếng hát. Giữa bờ sông vắng. Giấc mơ bay mãi. Theo cánh chim rời xa. Đừng trách nhau chi. Cho thêm buồn đau. Khi cách xa. Hãy vui lên để khi thấy nhau. Không đớn đau. Sẽ không còn. Tình nồng ấm. Ngày tàn phai. Sẽ qua
Mùa Đông Của Anh,"Minh Tuyết, Bằng Kiều",Ngày nào. Anh yêu em. Anh đã quen. Trong cay đắng. Tuyệt vời. Ngày nào. Em yêu anh. Em hẳn quên. Với trời hạnh phúc mới.. Em ơi. Đông lại về. Từ trăm năm lạnh giá. Tim em. Như ngừng thở. Từ sau ân tình đó. Nên anh yêu mùa Đông. Nên anh yêu mùa Đông. Ôi mùa Đông của anh. Em chỉ là người điên. Trong vườn hoa tình ái. Anh chỉ là người say. Bên đường em nhìn thấy. Anh đi đi. Người điên không biết nhớ. Và người say. Không biết buồn.. Những cuộc tình dương gian. Muôn đời không nghĩa lý. Nhưng người vẫn tìm nhau. Trong vòng tay tình ý. Như đôi ta. Niềm yêu xưa chỉ còn. Một vì sao anh lẻ loi.. Em chỉ là người điên. Trong vườn hoa tình ái. Anh chỉ là người say. Bên đường em nhìn thấy. Anh đi đi. Người điên không biết nhớ. Và người say. Không biết buồn.. Những cuộc tình dương gian. Muôn đời không nghĩa lý. Nhưng người vẫn tìm nhau. Trong vòng tay tình ý. Như đôi ta. Niềm yêu xưa chỉ còn. Một vì sao anh lẻ loi.. Trời lập đông chưa anh. Cho lũ dơi. Đi tìm giấc ngủ vùi. Từng mùa đông theo qua. Anh đã quen với. Đỉnh đời băng giá. Xưa hôn anh một lần. Rồi đau thương tràn lấp. Anh yêu em một ngày. Và xa em trọn kiếp. Nên anh yêu mùa Đông. Nên anh yêu mùa Đông. Ôi mùa Đông của anh. Em chỉ là người điên. Trong vườn hoa tình ái. Anh chỉ là người say. Bên đường em nhìn thấy. Anh đi đi. Người điên không biết nhớ. Và người say. Không biết buồn.. Những cuộc tình dương gian. Muôn đời không nghĩa lý. Nhưng người vẫn tìm nhau. Trong vòng tay tình ý. Như đôi ta. Niềm yêu xưa chỉ còn. Một vì sao anh lẻ loi.. Trời lập đông chưa anh. Cho lũ dơi. Đi tìm giấc ngủ vùi. Để mặc anh lang thang. Ôm giá băng. Ngỡ thầm người yêu tới.. Đêm chia ly em về. Đường khuya em bật khóc. Anh xa em thật rồi. Làm sao quên mùi tóc. Anh hỡi anh. Có phải tình băng giá. Là tình đẹp trên thế gian?. Em hỡi em. Có phải tình băng giá.... Là tình đẹp. Trên thế gian?...
Chờ Một Mùa Đông,Quang Vinh,"Thu đã qua, đông đã sang. Gió rét buồn lạnh câm từng đêm vắng. Như ngày xưa, anh vẫn nơi này. Chờ em về đây.. Anh vẫn đi, trên con đường xưa. Mới biết rằng đã không còn em nữa. Nhìn dòng người cứ lướt qua nhanh. Chỉ anh ngồi nơi đây.. Hãy nhìn về phía xa chân trời. Có ngôi sao nào đang rơi. Em đã đi cách hai phương trời. Mùa đông vẫn tới.. Khóc thật nhiều, nhớ thật nhiều. Cũng không thể nào quên em. Nhớ nụ cười, ánh mắt người. Tìm về một nơi...... Ta từng qua.. Thu đã qua, đông đã sang. Gió rét buồn lạnh câm từng đêm vắng. Như ngày xưa, anh vẫn nơi này. Chờ em về đây.. Anh vẫn đi, trên con đường xưa. Mới biết rằng đã không còn em nữa. Nhìn dòng người cứ lướt qua nhanh. Chỉ anh ngồi nơi đây.. Hãy nhìn về phía xa chân trời. Có ngôi sao nào đang rơi. Em đã đi cách hai phương trời. Mùa đông vẫn tới.. Khóc thật nhiều, nhớ thật nhiều. Cũng không thể nào quên em. Nhớ nụ cười, ánh mắt người. Tìm về một nơi...... Ta từng qua.. Hãy nhìn về phía xa chân trời. Có ngôi sao nào đang rơi. Em đã đi cách hai phương trời. Mùa đông vẫn tới.. Khóc thật nhiều, nhớ thật nhiều. Cũng không thể nào quên em. Nhớ nụ cười, ánh mắt người. Tìm về một nơi...... Ta từng qua."
Mình Xa Nhau Mùa Đông,Quang Hà,Giữa đêm anh nghe. Có cơn mưa rào. Cơn mưa xuyên đêm. Nhắc anh ngày nào. Đôi ta bên nhau. Cũng mưa thật nhiều. Cơn mưa nói thay bao lời yêu. Hoang mang con tim. Nhói đau trong lòng. Đêm nay xa em. Giữa mưa mùa đông. Trong anh băn khoăn. Vấn vương bao điều. Là vì sao ta xa nhau mùa đông. Tại vì sao ta xa nhau mùa đông. Mùa mà trái tim yêu thương rất cần. Cần bàn tay ấm xóa môi lạnh căm. Cần nụ hôn ấm xóa tan chờ mong. Tại vì sao ta xa nhau mùa đông. Mùa mà nhớ thương trong anh rất gần. Vậy mà tâm trí anh vẫn hỏi câu. Là vì sao ta xa nhau mùa đông. Hoang mang con tim. Nhói đau trong lòng. Đêm nay xa em. Giữa mưa mùa đông. Trong anh băn khoăn. Vấn vương bao điều. Là vì sao ta xa nhau mùa đông. Tại vì sao ta xa nhau mùa đông. Mùa mà trái tim yêu thương rất cần. Cần bàn tay ấm xóa môi lạnh căm. Cần nụ hôn ấm xóa tan chờ mong. Tại vì sao ta xa nhau mùa đông. Mùa mà nhớ thương trong anh rất gần. Vậy mà tâm trí anh vẫn hỏi câu. Là vì sao ta xa nhau mùa đông. Hôm nay anh đi qua ngõ nhà em. Thấy em trong tay đi với một người. Thẫn thờ anh cố vẫy tay chào em. Mà người chẳng cần biết anh là ai. Tại vì sao ta xa nhau mùa đông. Mùa mà trái tim yêu thương rất cần. Vậy mà tâm trí anh vẫn hỏi câu. Là vì sao ta xa nhau mùa đông. Và giờ đến lúc anh biết tại sao. Mà người ra đi không câu giã từ
Một Mùa Đông Hai Dòng Cảm Xúc,Hồ Quang Hiếu,Bài Hát: Một Mùa Đông Hai Cảm Xúc. Ca Sĩ: Hồ Quang Hiếu. Trong đêm hiu quạnh. Cơn gió thoáng qua. Mùa đông rét câm. Lạnh run đôi vai gầy. Phía xa mịt mờ. Màn đêm sao hắt hiu. Gợi nhớ những kí ức ngày qua. Cô đơn một mình. Riêng anh với anh. Lời yêu tiếng thương. Em đã mang đi xa rồi. Để anh một mình. Lạnh giá đôi vòng tay. Tìm đâu hơi ấm đã vụt bay. Người đã mang đi. Những giây phút ngọt ngào. Mang theo yêu dấu. Với mộng mơ ngày nào. Đoạn đường hôm ấy. Có bao điều hạnh phúc. Đoạn đường hôm nay. Lạnh giá đôi vòng tay. Ngày đó nơi đây. Yêu thương đã bắt đầu. Và chính nơi đây. Ta đã rời xa nhau. Vẫn một mùa đông. Nhưng hai dòng cảm xúc. Cùng mùa đông đó. Nhưng nước mắt thay cho nụ cười. Trong đêm hiu quạnh. Cơn gió thoáng qua. Mùa đông rét câm. Lạnh run đôi vai gầy. Phía xa mịt mờ. Màn đêm sao hắt hiu. Gợi nhớ những kí ức ngày qua. Cô đơn một mình. Riêng anh với anh. Lời yêu tiếng thương. Em đã mang đi xa rồi. Để anh một mình. Lạnh giá đôi vòng tay. Tìm đâu hơi ấm đã vụt bay. Người đã mang đi. Những giây phút ngọt ngào. Mang theo yêu dấu. Với mộng mơ ngày nào. Đoạn đường hôm ấy. Có bao điều hạnh phúc. Đoạn đường hôm nay. Lạnh giá đôi vòng tay. Ngày đó nơi đây. Yêu thương đã bắt đầu. Và chính nơi đây. Ta đã rời xa nhau. Vẫn một mùa đông. Nhưng hai dòng cảm xúc. Cùng mùa đông đó. Nhưng nước mắt thay cho nụ cười. Người đã mang đi. Những giây phút ngọt ngào. Mang theo yêu dấu. Với mộng mơ ngày nào. Đoạn đường hôm ấy. Có bao điều hạnh phúc. Đoạn đường hôm nay. Lạnh giá đôi vòng tay. Ngày đó nơi đây. Yêu thương đã bắt đầu. Và chính nơi đây. Ta đã rời xa nhau. Vẫn một mùa đông. Nhưng hai dòng cảm xúc. Cùng mùa đông đó. Nhưng nước mắt thay cho nụ cười. Cùng mùa đông đó. Nhưng nước mắt. Thay cho nụ cười
Người Tình Mùa Đông Remix,Đinh Kiến Phong,Bài Hát: Người Tình Mùa Đông Remix. Ca Sĩ: Đinh Kiến Phong. Đường vào tim em. Ôi băng giá. Trời mùa đông. Mây vẫn hay đi về. Vẫn mưa. Mưa rơi trên đường thầm thì. Vì đâu. Mưa em không đến. Đường vào tim em. Mây giăng kín. Bàn chân anh. Trên lối đi không thành. Những đêm. Khuya mưa buồn một mình. Có khi. Cho ta quên cuộc tình. Từng cơn mưa. Hắt hiu bên ngoài song thưa. Lắm khi mưa làm hồn ta. Nhớ mãi ngày qua. Nhớ con phố xưa. Vẫn âm thầm đợi chờ. Nhớ đôi vai ngoan. Em sợ trời mưa gió. Từng ngày ta. Vẫn đưa em về qua phố. Vẫn chim cao trời mưa lũ. Vẫn tiếng buồn xưa. Ôi bàn tay. Ai đã giắt em chiều nay. Đường vào tim em. Bao cơn sóng. Để tình anh. Sắp đến xuân hoa mộng. Trái tim. Em muôn đời lạnh lùng. Hỡi ơi. Trái tim mùa đông. Đường vào tim em. Ôi băng giá. Trời mùa đông. Mây vẫn hay đi về. Vẫn mưa. Mưa rơi trên đường thầm thì. Vì đâu. Mưa em không đến. Đường vào tim em. Mây giăng kín. Bàn chân anh. Trên lối đi không thành. Những đêm. Khuya mưa buồn một mình. Có khi. Cho ta quên cuộc tình. Từng cơn mưa. Hắt hiu bên ngoài song thưa. Lắm khi mưa làm hồn ta. Nhớ mãi ngày qua. Nhớ con phố xưa. Vẫn âm thầm đợi chờ. Nhớ đôi vai ngoan. Em sợ trời mưa gió. Từng ngày ta. Vẫn đưa em về qua phố. Vẫn chim cao trời mưa lũ. Vẫn tiếng buồn xưa. Ôi bàn tay. Ai đã giắt em chiều nay. Đường vào tim em. Bao cơn sóng. Để tình anh. Sắp đến xuân hoa mộng. Trái tim. Em muôn đời lạnh lùng. Hỡi ơi. Trái tim mùa đông
Tình Yêu Giữa Mùa Đông,Phan Mạnh Quỳnh,Mùa Đông. Ca sĩ: Phan Mạnh Quỳnh. Hòa vào dòng người. Vội vàng trên phố đông. Em đang bên anh. Yêu thương ấm nồng. Sau biết bao những. Tháng ngày chờ trông. Và mơ mộng. Ngập ngừng rồi chợt. Em nắm lấy tay anh. Ngỡ như mùa đông. đã không còn lạnh. Ngỡ như đêm nay. Là đêm xuân xanh. đầy an lành. Vì tình yêu sẽ. Xóa tan giá băng. Mỗi khi em ôm chặt anh. Môi hôn nồng nàn. Và trong anh chợt ngỡ. Như sống trong giấc mơ. Bấy lâu anh mơ. Hạnh phúc ngập tràn. Cuộc đời anh dành để. Yêu sẽ yêu mỗi em. Và mãi mãi. Yêu em hoài. Chẳng cần chi sao băng. Vì anh luôn ước. Bên em lâu dài. Nụ cười là điều anh. Muốn thấy nơi em. Điều luôn mang. Cảm giác êm đềm. Khiến cho anh. Phải nhớ nhung ngày đêm. Dù kề bên. Đừng vội giận hờn. Khi anh lỡ sai. Có khi đang yêu. Làm ta khờ dại. Cách xa đôi khi. Nhưng rồi hiện tại. Mình quay lại đấy thôi. Vì tình yêu sẽ. Xóa tan giá băng. Mỗi khi em ôm chặt anh. Môi hôn nồng nàn. Và trong anh chợt ngỡ. Như sống trong giấc mơ. Bấy lâu anh mơ. Hạnh phúc ngập tràn. Cuộc đời anh dành để. Yêu sẽ yêu mỗi em. Và mãi mãi. Yêu em hoài. Chẳng cần chi sao băng. Vì anh luôn ước. Bên em lâu dài. Vì tình yêu sẽ. Xóa tan giá băng. Mỗi khi em ôm chặt anh. Môi hôn nồng nàn. Và trong anh chợt ngỡ. Như sống trong giấc mơ. Bấy lâu anh mơ. Hạnh phúc ngập tràn. Cuộc đời anh dành để. Yêu sẽ yêu mỗi em. Và mãi mãi. Yêu em hoài. Chẳng cần chi sao băng. Vì anh luôn ước. Bên em lâu dài
Mùa Đông Tôi,Sill Kay,"Lang thang đi trên con phố vắng. Một mình tôi. Vẫn bước đi trên con đường trắng. Tìm em hoài. Trong cuộc đời đầу caу đắng. Tựa cơn gió bấc. Lùa qua mùa hè đầу nắng. Vắng đi những cơn mưa. Làm lạnh buốt trái tim tôi. Giờ đâу một mình tôi cô đơn. Trong căn phòng tối. Rồi suу tư về bản thân. Sao lòng tôi bối rối. Mùa đông đến tôi lại cô đơn rồi. Mùa đông đến tôi cô đơn. Mùa đông đến, tiếng gió thét gào. Tựa tiếng gào vang. Từ con người tôi bấу lâu. Mùa đông đến con tim tôi giá lạnh. Ϲứ thế tôi bước đi. Trên con đường về. Về với căn phòng. Chỉ mình tôi mà thôi. Về với cuộc sống thường ngàу. Sau bao ngàу tìm kiếm. Tìm lấу điều gì đó ấm áp. Như chăn ba bảy độ của ai. Mà chăn của tôi. Thì lạnh lẽo cô liêu. Tôi cô đơn, tôi cô đơn. Chỉ với một ước mong mà thôi. Ϲó một người con gái. Cùng chung bước qua mùa đông. Ϲho tôi cảm thấу hết cô đơn. Trong cuộc sống. Ϲho tôi hết buồn. Khi từng cơn gió bấc đến. Vì em mang cho tôi hơi ấm. Tựa ngọn nến trong đêm. Vì em mang tới con tim tôi. Đã giá lạnh bởi lời thề. Vì em mang đến tôi sức sống. Vượt qua những bộn bề. Mùa đông đến, tiếng gió thét gào. Tựa tiếng gào vang. Từ con người tôi bấу lâu. Mùa đông đến con tim tôi giá lạnh. Ϲứ thế tôi bước đi. Trên con đường về. Về với căn phòng. Chỉ mình tôi mà thôi. Về với cuộc sống thường ngàу. Sau bao ngàу tìm kiếm. Tìm lấу điều gì đó ấm áp. Như chăn ba bảy độ của ai. Mà chăn của tôi. Thì lạnh lẽo cô liêu. Mùa đông mùa đông. Mùa đông mùa đông tới. Mùa đông mùa đông. Mùa đông tôi có em. Anh chờ em em biết không. Mùa đông đến tiếng gió thét gào. Tựa tiếng gào vang. Từ con người tôi bấу lâu. Mùa đông đến con tim tôi giá lạnh. Ϲứ thế tôi bước đi. Trên con đường về. Về với căn phòng. Chỉ mình tôi mà thôi. Về với cuộc sống thường ngàу. Sau bao ngàу tìm kiếm. Tìm lấу điều gì đó ấm áp. Như chăn ba bảy độ của ai. Mà chăn của tôi. Thì lạnh lẽo cô liêu. Tôi giờ nàу. Là một người mong mùa xuân đến. Nắng ấm sẽ chan hòa. Không gian tĩnh lặng căn phòng tối. Nơi khép kín của tôi. Bởi tôi FA mặc cảm. Với thế giới ở xung quanh mình. Vì mùa đông tôi cô đơn. Tôi giờ nàу. Là một người mong mùa xuân đến. Nắng ấm sẽ chan hòa. Không gian tĩnh lặng căn phòng tối. Nơi khép kín của tôi. Bởi tôi FA mặc cảm. Với thế giới ở xung quanh mình. Vì mùa đông tôi cô đơn"
Trái Tim Mùa Đông,Don Hồ,Ta gặp nhau trong muộn màng. Ta gặp nhau trong lỡ làng. Cơn mưa đến sao vội vàng. Như đôi ta xa nhau. Ta gặp nhau trong tình cờ. Không lời nói nhưng trao thật nhiều. Qua ánh mắt qua nụ cười. Sưởi ấm trái tim anh đã lạnh khô. Một trái tim khô. Một trái tim mùa đông. Trái tim đã nhiều lần. Nhiều lần chạy trốn tình yêu. Suốt đời anh. Vẫn mãi là người đến sau. Nên đành ôm trọn một mối tình câm. Ta gặp nhau trong muộn màng. Ta gặp nhau trong lỡ làng. Cơn mưa đến sao vội vàng. Như đôi ta xa nhau. Ta gặp nhau trong tình cờ. Không lời nói nhưng trao thật nhiều. Qua ánh mắt qua nụ cười. Sưởi ấm trái tim anh đã lạnh khô. Một trái tim khô. Một trái tim mùa đông. Trái tim đã nhiều lần. Nhiều lần chạy trốn tình yêu. Suốt đời anh. Vẫn mãi là người đến sau. Nên đành ôm trọn một mối tình câm. Một trái tim khô. Một trái tim mùa đông. Trái tim đã nhiều lần. Nhiều lần chạy trốn tình yêu. Suốt đời anh. Vẫn mãi là người đến sau. Nên đành ôm trọn một mối tình câm. Một trái tim khô. Một trái tim mùa đông. Trái tim đã nhiều lần. Nhiều lần chạy trốn tình yêu. Suốt đời anh. Vẫn mãi là người đến sau. Nên đành ôm trọn một mối tình câm
Người Tình Mùa Đông (Remix),Vĩnh Thuyên Kim, Đông (Remix). Ca sĩ: Vĩnh Thuyên Kim. Đường vào tim. Em ôi băng giá..... Trời mùa đông. Mây vẫn hay đi về. Vẫn mưa. Mưa rơi trên đường thầm thì. Vì đâu mưa. Em không đến.. Đường vào tim em. Mây giăng kín. Bàn chân anh trên lối. Đi không thành. Những đêm.. khuya. Mưa buồn một mình. Có khi cho ta. Quên cuộc tình.. Từng cơn mưa. Hắt hiu bên ngoài song thưa. Lắm khi. Mưa làm hồn ta. Nhớ mãi ngày qua. Nhớ con phố xưa. Vẫn âm thầm đợi chờ. Nhớ đôi vai ngoan. Em sợ trời mưa gió.. Từng ngày qua. Vẫn đưa em về qua phố. Vẫn trên cao trời mưa lũ. Vẫn tiếng buồn xưa. Ôi bàn tay.... Ai đã..... Dắt em chiều nay?. Đường vào tim em. Bao con sóng. Đẩy tình anh. Xa bến xuân hoa mộng. Trái tim. Em muôn đời lạnh lùng. Hỡi ơi. Trái tim mùa đông...... Đường vào tim. Em ôi băng giá..... Trời mùa đông. Mây vẫn hay đi về. Vẫn mưa. Mưa rơi trên đường thầm thì. Vì đâu mưa. Anh không đến.. Đường vào tim em. Mây giăng kín. Bàn chân anh trên lối. Đi không thành. Những đêm.. khuya. Mưa buồn một mình. Có khi cho ta. Quên cuộc tình.. Từng cơn mưa. Hắt hiu bên ngoài song thưa. Lắm khi. Mưa làm hồn ta. Nhớ mãi ngày qua. Nhớ con phố xưa. Vẫn âm thầm đợi chờ. Nhớ đôi vai ngoan. Em sợ trời mưa gió.. Từng ngày qua. Vẫn đưa em về qua phố. Vẫn trên cao trời mưa lũ. Vẫn tiếng buồn xưa. Ôi bàn tay.... Ai đã..... Dắt em chiều nay?. Đường vào tim em. Bao con sóng. Đẩy tình anh. Xa bến xuân hoa mộng. Trái tim. Em muôn đời lạnh lùng. Hỡi ơi. Trái tim mùa đông...... Từng cơn mưa. Hắt hiu bên ngoài song thưa. Lắm khi. Mưa làm hồn ta. Nhớ mãi ngày qua. Nhớ con phố xưa. Vẫn âm thầm đợi chờ. Nhớ đôi vai ngoan. Em sợ trời mưa gió.. Từng ngày qua. Vẫn đưa em về qua phố. Vẫn trên cao trời mưa lũ. Vẫn tiếng buồn xưa. Ôi bàn tay.... Ai đã..... Dắt em chiều nay?. Đường vào tim em. Bao con sóng. Đẩy tình anh. Xa bến xuân hoa mộng. Trái tim. Em muôn đời lạnh lùng. Hỡi ơi. Trái tim mùa đông.....
Bản Tình Ca Mùa Đông,Tuấn Hưng,Bài Hát: Bản Tình Ca Mùa Đông. Ca Sĩ: Tuấn Hưng. Mùa đông mưa sao không. Mang theo hơi ấm. Hạt mưa ơi. Sao không xóa. đi nỗi đau. Còn gì đâu. Bao yêu thương. Trao nhau. Ngày hôm qua. Dù bên nhau. Nhưng anh đâu. Hay biết. Tình yêu em đã. Ra đi rất xa. Tội nghiệp anh. Trông mong em. Yêu em. Như mới yêu. Dù cho. Em không yêu anh. Như ban đầu. Thì xin em. Hãy cất bước ra đi. Với câu giã từ. Dù sao anh đã. Yêu em. Cũng rất rất nhiều. Thật lòng. Sao người đành gian dối. Giờ đây. Con tim anh đau. đau hơn bao giờ. Vì em hay. So trái tim của anh. Yêu em quá nhiều. Tình yêu ra đi. Không mang theo. Trái tim thật lòng. Đành quên như. đang yêu trong giấc mơ. Dù bên nhau. Nhưng anh đâu. Hay biết. Tình yêu đã. Ra đi rất xa. Tội nghiệp anh. Trông mong em. Yêu em. Như mới yêu. Dù cho. Em không yêu anh. Như ban đầu. Thì xin em. Hãy cất bước ra đi. Với câu giã từ. Dù sao anh đã. Yêu em. Cũng rất rất nhiều. Thật lòng. Sao người đành gian dối. Giờ đây. Con tim anh đau. đau hơn bao giờ. Vì em hay. So trái tim của anh. Yêu em quá nhiều. Tình yêu ra đi. Không mang theo. Trái tim thật lòng. Đành quên như. đang yêu trong giấc mơ. Hãy trao nhau tình yêu. Đừng dối gian nhau. Mang đi bao yêu thương. Một tình yêu cho nhau. Rồi ngàn năm có nhau. Dù cho. Em không yêu anh. Như ban đầu. Thì xin em. Hãy cất bước ra đi. Với câu giã từ. Dù sao anh đã. Yêu em. Cũng rất rất nhiều. Thật lòng. Sao người đành gian dối. Giờ đây. Con tim anh đau. đau hơn bao giờ. Vì em hay. So trái tim của anh. Yêu em quá nhiều. Tình yêu ra đi. Không mang theo. Trái tim thật lòng. Đành quên như. đang yêu trong giấc mơ
Mùa Đông Đã Qua,Minh Vương M4U,Bài Hát: Mùa Đông Đã Qua. Ca Sĩ: Minh Vương M4U. Em. Anh muốn hôn lên. Làn môi rất nhớ. Em. Anh muốn hôn lên. Bờ môi rất xa. Em. Anh muốn bên em. Mùa đông thật gần. Phút giây. Khẽ nắm bàn tay. Em. Anh muốn hôn em. Từ trong ánh mắt. Em. Chỉ biết yêu em. Thầm trong giấc mơ. Em. Giây phút bên em. Dường như. Sẽ mãi. Giấc mơ. Anh không thể có bao giờ. Em ơi nỗi nhớ. Vẫn theo đêm về. Lạnh từng cơn gió. Một mùa đông qua. Trong giấc mơ. Em ơi nỗi nhớ. Vẫn theo mưa về. Lạnh từng con phố. Anh vẫn âm thầm. Một mình thương nhớ. Một mình ngóng chờ. Em. Anh muốn hôn lên. Làn môi rất nhớ. Em. Anh muốn hôn lên. Bờ môi rất xa. Em. Anh muốn bên em. Mùa đông thật gần. Phút giây. Khẽ nắm bàn tay. Em. Anh muốn hôn em. Từ trong ánh mắt. Em. Chỉ biết yêu em. Thầm trong giấc mơ. Em. Giây phút bên em. Dường như. Sẽ mãi. Giấc mơ. Anh không thể có bao giờ. Em ơi nỗi nhớ. Vẫn theo đêm về. Lạnh từng cơn gió. Một mùa đông qua. Trong giấc mơ. Em ơi nỗi nhớ. Vẫn theo mưa về. Lạnh từng con phố. Anh vẫn âm thầm. Một mình thương nhớ. Một mình ngóng chờ. Em ơi nỗi nhớ. Vẫn theo đêm về. Lạnh từng cơn gió. Một mùa đông qua. Trong giấc mơ. Em ơi nỗi nhớ. Vẫn theo mưa về. Lạnh từng con phố. Anh vẫn âm thầm. Một mình thương nhớ. Một mình ngóng chờ. Anh vẫn âm thầm. Một mình thương nhớ. Một mình ngóng chờ. Anh vẫn âm thầm. Một mình thương nhớ. Một mình ngóng chờ
Mùa Đông Xót Xa,"Saka Trương Tuyền, Kim Tiểu Long","Bài Hát: Mùa Đông Xót Xa. Ca Sĩ: Saka Trương Tuyền, Kim Tiểu Long. Chiều vắng. Mây về nơi cuối trời. Lá rơi. Trên công viên vắng người. Lòng nghe bâng khâng. Thương nhớ đầy vơi. Lòng vẫn mong thời gian trở lại. Để cho tình mình đừng cách xa. Mong ước ngày nào. Giờ còn đâu nữa. Còn lại trong ta từng đêm xót xa. Mùa đông trắng xóa. Tuyết trên cành trơ lá. Nghe cô đơn vây kín trong tâm hồn. Nhìn hàng cây khô phai úa tình ta. Còn lại trong tim niềm đau xót xa. Đường quên lối. Những bước chân mòn sỏi đá. Khi bên nhau sao nói không nên lời. Để tình chia xa. Nhớ thương ngày qua. Chiều vắng. Mây về nơi cuối trời. Lá rơi. Trên công viên vắng người. Lòng nghe bâng khâng. Thương nhớ đầy vơi. Lòng vẫn mong thời gian trở lại. Để cho tình mình đừng cách xa. Mong ước ngày nào. Giờ còn đâu nữa. Còn lại trong ta từng đêm xót xa. Mùa đông trắng xóa. Tuyết trên cành trơ lá. Nghe cô đơn vây kín trong tâm hồn. Nhìn hàng cây khô phai úa tình ta. Còn lại trong tim niềm đau xót xa. Đường quên lối. Những bước chân mòn sỏi đá. Khi bên nhau sao nói không nên lời. Để tình chia xa. Nhớ thương ngày qua. Nghe cô đơn vây kín trong tâm hồn. Nhìn hàng cây khô phai úa tình ta. Còn lại trong tim niềm đau xót xa. Đường quên lối. Những bước chân mòn sỏi đá. Khi bên nhau sao nói không nên lời. Để tình chia xa. Nhớ thương ngày qua. Nhớ thương ngày qua. Khi bên nhau sao nói không nên lời. Để tình chia xa. Nhớ thương ngày qua"
Mùa Đông Lạnh Lắm,Nguyễn Đức Tùng,"Những cơn gió. Khi mùa đông vừa sang. Chiếc lá úa. Trên nhành cây đã tàn. Về xa ngút ngàng. Cô đơn quá. Nên thôi cho mình đành buông lơi. Anh ngồi đây. Con đường xưa chờ em. Những cơn gió. Như lạnh sâu trái tim. Đành thôi kiếm tìm. Tìm nơi ấy. Khi xưa đôi mình gần bên nhau. Anh lang thang góc phố một mình. Lắng nghe lòng buồn như òa khóc. Sâu trong tim. Luôn mang bóng hình. Của người anh luôn yêu thương. Nhưng giờ xa xôi quá. Xa em, xa rời vòng tay. Hơi ấm ở làn môi. Anh đã quen bao ngày. Tìm vui nơi khác. Có chăng em hạnh phúc. Có chăng vượt qua mùa đông. Không lạnh giá như xưa. Yêu em mong chờ niềm vui. Hạnh phúc và bình yên. Sẽ đến bên em thôi. Mùa đông lạnh lắm. Biết em rất cần. Một hơi ấm cho con tim em. Thôi đừng giá băng. Những cơn gió. Khi mùa đông vừa sang. Chiếc lá úa. Trên nhành cây đã tàn. Về xa ngút ngàng. Cô đơn quá. Nên thôi cho mình đành buông lơi. Anh ngồi đây. Con đường xưa chờ em. Những cơn gió. Như lạnh sâu trái tim. Đành thôi kiếm tìm. Tìm nơi ấy. Khi xưa đôi mình gần bên nhau. Anh lang thang góc phố một mình. Lắng nghe lòng buồn như òa khóc. Sâu trong tim. Luôn mang bóng hình. Của người anh luôn yêu thương. Nhưng giờ xa xôi quá. Xa em, xa rời vòng tay. Hơi ấm ở làn môi. Anh đã quen bao ngày. Tìm vui nơi khác. Có chăng em hạnh phúc. Có chăng vượt qua mùa đông. Không lạnh giá như xưa. Yêu em mong chờ niềm vui. Hạnh phúc và bình yên. Sẽ đến bên em thôi. Mùa đông lạnh lắm. Biết em rất cần. Một hơi ấm cho con tim em. Thôi đừng giá băng. Xa em, xa rời vòng tay. Hơi ấm ở làn môi. Anh đã quen bao ngày. Tìm vui nơi khác. Có chăng em hạnh phúc. Có chăng vượt qua mùa đông. Không lạnh giá như xưa. Yêu em mong chờ niềm vui. Hạnh phúc và bình yên. Sẽ đến bên em thôi. Mùa đông lạnh lắm. Biết em rất cần. Một hơi ấm cho con tim em. Thôi đừng giá băng. Mùa đông lạnh lắm. Biết em rất cần. Một hơi ấm cho con tim em. Thôi đừng giá băng"
Tinh Yêu Giữa Mùa Đông,Akira Phan,Giữa Mùa Đông. Ca sĩ: Akira Phan. Hòa vào dòng người. Vội vàng trên phố đông. Em đang bên anh. Yêu thương ấm nồng. Sau biết bao những. Tháng ngày chờ trông. Và mơ mộng. Ngập ngừng rồi chợt. Em nắm lấy tay anh. Ngỡ như mùa đông. đã không còn lạnh. Ngỡ như đêm nay. Là đêm xuân xanh. đầy an lành. Vì tình yêu sẽ xóa tan. Giá băng mỗi khi. Em ôm chặt anh. Môi hôn nồng nàn. Và trong anh chợt ngỡ. Như sống trong giấc mơ. Bấy lâu anh mơ. Hạnh phúc ngập tràn. Cuộc đời anh dành để yêu. Sẽ yêu mỗi em. Và mãi mãi yêu em hoài. Chẳng cần chi sao băng. Vì anh luôn ước. Bên em lâu dài. Nụ cười là điều. Anh muốn thấy nơi em. điều anh luôn. Cảm thấy êm đềm. Khiến cho anh phải. Nhớ nhung ngày đêm. Dù kề bên. Đừng vội giận hờn. Khi anh lỡ sai. Có khi đang yêu. Làm ta khờ dại. Cách xa đôi khi. Nhưng rồi hiện tại. Mình quay lại đấy thôi. Vì tình yêu sẽ xóa tan. Giá băng mỗi khi. Em ôm chặt anh. Môi hôn nồng nàn. Và trong anh chợt ngỡ. Như sống trong giấc mơ. Bấy lâu anh mơ. Hạnh phúc ngập tràn. Cuộc đời anh dành để yêu. Sẽ yêu mỗi em. Và mãi mãi yêu em hoài. Chẳng cần chi sao băng. Vì anh luôn ước. Bên em lâu dài. Vì tình yêu sẽ xóa tan. Giá băng mỗi khi. Em ôm chặt anh. Môi hôn nồng nàn. Và trong anh chợt ngỡ. Như sống trong giấc mơ. Bấy lâu anh mơ. Hạnh phúc ngập tràn. Cuộc đời anh dành để yêu. Sẽ yêu mỗi em. Và mãi mãi yêu em hoài. Chẳng cần chi sao băng. Vì anh luôn ước. Bên em lâu dài
Xa Rồi Mùa Đông,Lệ Quyên,"Tạm biệt, tạm biệt mùa đông. Tạm biệt ánh lửa hồng. Xa rồi vòng tay ấm.. Mùa đông sẽ đi qua. Rồi anh cũng đi xa. Chỉ còn lại mình em. Ngồi hát cùng dòng sông. Chỉ còn lại mình em. Nhớ về một mùa đông.. Ơi dòng sông bây giờ tóc gió thôi bay. Ơi mùa đông môi hồng chợt nhớ cơn say. Trời không chút nắng. Mây bay lặng lẽ bên đời. Xa anh đã mấy đông rồi. Sông xưa buồn nhớ cánh chim trời.. Tạm biệt, tạm biệt mùa đông. Tạm biệt ánh lửa hồng. Xa rồi vòng tay ấm.. Mùa đông sẽ đi qua. Rồi anh cũng đi xa. Chỉ còn lại mình em. Ngồi hát cùng dòng sông. Chỉ còn lại mình em. Nhớ về một mùa đông.. Ơi dòng sông bây giờ tóc gió thôi bay. Ơi mùa đông môi hồng chợt nhớ cơn say. Trời không chút nắng. Mây bay lặng lẽ bên đời. Xa anh đã mấy đông rồi. Sông xưa buồn nhớ cánh chim trời.. Ơi dòng sông bây giờ tóc gió thôi bay. Ơi mùa đông môi hồng chợt nhớ cơn say. Trời không chút nắng. Mây bay lặng lẽ bên đời. Xa anh đã mấy đông rồi. Sông xưa buồn nhớ cánh chim trời.. Chiều không chút nắng. Mây bay lặng lẽ bên đời. Xa anh đã mấy đông rồi. Sông xưa buồn nhớ cánh chim trời."
Chuyện Của Mùa Đông,"Anh Tú, XHTĐRLX","Chuyện của mùa đông. Chuyện về những ngón tay đan. Chuyện về những cái ôm nhau thật chặt. Em bước bên anh một chiều nhiều gió. Hẹn hò thêm nữa nghe em,. Hẹn hò giữa tiếng chuông ngân rộn ràng. Tình ấm hơn mùa đông. Chợt nhớ, khoảng trời những chiếc lá rơi. Em vẫn nép trong anh sau lớp áo choàng. Lắng nghe thành phố lên đèn. Và nhớ, lần hẹn hò nơi quán quen. Mình cười nói say sưa quên hết ngày giờ. Đến khi thành phố xuống đèn. Một sáng thức dậy. Nhìn thấy em bên mình. Thấy em ngủ vùi trong vòng tay anh. Cuộn tròn thì thầm bên anh. Kìa nắng lên rồi. Buổi sáng yên vui trong tiếng nhạc. Có bao giờ đông ngọt ngào đến thế. Mùa đông dịu dàng đến thế. Lắng nghe tiếng em khẽ cười. Chuyện của mùa đông. Chuyện về hơi ấm thân quen. Chuyện về những bước chân không cùng nhịp. Em đã xa anh một chiều nhiều gió. Lạnh lùng phố xá thênh thang. Lạnh lùng những tiếng chuông như vô tình. Lạnh lắm nơi mình anh. Còn đây, khoảng trời những chiếc lá rơi. Anh vẫn đứng bơ vơ điếu thuốc chưa tàn. Lắng trong thành phố mơ màng. Còn đây, người hẹn hò nơi quán quen. Anh lạc giữa môi hôn những đôi nhân tình. Giữa đêm thành phố không đèn. Một sáng thức dậy. Tìm kiếm yêu thương ngày nào. Ngỡ như người vẫn ngủ vùi trong anh. Ngỡ như người vẫn thì thầm bên anh. Tìm nắng giữa trời, buổi sáng đơn côi. Trong khúc nhạc buồn. Chuyến xe giờ đã vội vàng lăn nhanh. Chẳng thể giữ kịp những điều mong manh. Phố xa, bước chân lạnh giá. Cơn gió lạnh nói với anh rằng. Đừng tìm mãi những điều vô nghĩa. Hãy xếp lại những ký ức xưa. Cất giữ nơi con tim chưa một lần ngủ quên. Rồi sáng thức dậy. Vẫn thấy chông chênh lòng mình. Lắng nghe mùa đông từng cơn gió cuốn. Trái tim cồn cào ước muốn. Ngày nắng lên rồi. Ngồi viết tiếp những câu chuyện mình. Những câu chuyện của mùa đông không em. Những câu chuyện xưa dường như đã khép. Chờ tia nắng ban mai. Về sưởi ấm trái tim anh"
Một Mùa Đông Qua,NB3 Hoài Bảo,Một mùa đông đang dần tới. Kéo theo mây nơi xa về đây. Bủa vây anh là. Bao nhớ thương em giờ đã xa. Tưởng rằng em sẽ mãi thiết tha. Có ai đâu ngờ em chẳng luyến lưu. Vậy thì thôi em cứ. Bước đi chẳng cần nghĩ suy. Từng lời yêu lời thương. Người trao giờ theo gió mây. Đến nơi phương nào. Nhìn trời mây mưa tuyết rơi đầy. Lòng thêm nhớ em. Tại vì sao tình yêu của ta. Lại mang biết bao nhiêu nỗi u sầu. Đặt bàn tay lên môi anh xiết. Từng hơi thở nén cơn đau vào tim. Một mùa đông dần qua dần qua. Chỉ còn những nỗi nhớ mình ta. Buồn lòng khóc cho vơi đi. Những kỉ niệm ngày qua. Liệu rằng em ở phương trời xa. Lòng có nhớ về bóng hình ta. Chắc bây giờ bên em. Đã có một người thương yêu. Sưởi ấm đôi bàn tay em. Sưởi ấm đôi bàn tay em. Tưởng rằng em sẽ mãi thiết tha. Có ai đâu ngờ em chẳng luyến lưu. Vậy thì thôi em cứ. Bước đi chẳng cần nghĩ suy. Từng lời yêu lời thương. Người trao giờ theo gió mây. Đến nơi phương nào. Nhìn trời mây mưa tuyết rơi đầy. Lòng thêm nhớ em. Tại vì sao tình yêu của ta. Lại mang biết bao nhiêu nỗi u sầu. Đặt bàn tay lên môi anh xiết. Từng hơi thở nén cơn đau vào tim. Một mùa đông dần qua dần qua. Chỉ còn những nỗi nhớ mình ta. Buồn lòng khóc cho vơi đi. Những kỉ niệm ngày qua. Liệu rằng em ở phương trời xa. Lòng có nhớ về bóng hình ta. Chắc bây giờ bên em. Đã có một người thương yêu. Sưởi ấm đôi bàn tay em. Buồn làm gì nước mắt đã hết. Chuyện tình mình xin giữ vào tim. Sẽ thôi chờ. Sẽ thôi đợi mong nữa. Một mùa đông dần qua dần qua. Chỉ còn những nỗi nhớ mình ta. Buồn lòng khóc cho vơi đi. Những kỉ niệm ngày qua. Liệu rằng em ở phương trời xa. Lòng có nhớ về bóng hình ta. Chắc bây giờ bên em. Đã có một người thương yêu. Sưởi ấm đôi bàn tay em
Lãng Quên Mùa Đông,Lý Hào Nam,Một mùa đông qua lòng ta thấy xót xa. Chợt nghĩ đến những ngày mùa đông. Mà anh có em kề bên. Mình cùng nhau vẽ nên. Tình yêu có trong bức tranh tình. Mình được gần nhau. Mùa đông chẵng thấy giá băng. Rồi người ra đi. Mang theo mùa đông yêu dấu xưa. Một mùa đông mà anh cảm thấy. Hạnh phúc nhất trong đời anh. Người đã đến và cho đời anh. Phút giây mà anh ấm lòng. Giờ người đi bỏ quên mùa đông. Anh lẻ loi. Người đã ra đi. Mang theo mùa đông xưa của anh. Người nỡ quên sao. Tim anh giờ đây đau rã rời. Người hãy nói. Vì sau tình ta chia đôi đường. Vì sao em. Bỏ quên mùa đông hạnh phúc. Ở phương xa em ơi từ khi vắng em. Tháng năm trôi. Nơi đây mình anh ôm lặng thầm. Mùa đông đến lòng anh. Càng nhớ về em. Vì yêu em. Anh luôn mong chờ đơn phương. Người đã lãng quên màu đông. Một mùa đông qua lòng ta thấy xót xa. Chợt nghĩ đến những ngày mùa đông. Mà anh có em kề bên. Mình cùng nhau vẽ nên. Tình yêu có trong bức tranh tình. Mình được gần nhau. Mùa đông chẵng thấy giá băng. Rồi người ra đi. Mang theo mùa đông yêu dấu xưa. Một mùa đông mà anh cảm thấy. Hạnh phúc nhất trong đời anh. Người đã đến và cho đời anh. Phút giây mà anh ấm lòng. Giờ người đi bỏ quên mùa đông. Anh lẻ loi. Người đã ra đi. Mang theo mùa đông xưa của anh. Người nỡ quên sao. Tim anh giờ đây đau rã rời. Người hãy nói. Vì sau tình ta chia đôi đường. Vì sao em. Bỏ quên mùa đông hạnh phúc. Ở phương xa em ơi từ khi vắng em. Tháng năm trôi. Nơi đây mình anh ôm lặng thầm. Mùa đông đến lòng anh. Càng nhớ về em. Vì yêu em. Anh luôn mong chờ đơn phương. Người đã lãng quên màu đông. Người đã ra đi. Mang theo mùa đông xưa của anh. Người nỡ quên sao. Tim anh giờ đây đau rã rời. Người hãy nói. Vì sau tình ta chia đôi đường. Vì sao em. Bỏ quên mùa đông hạnh phúc. Ở phương xa em ơi từ khi vắng em. Tháng năm trôi. Nơi đây mình anh ôm lặng thầm. Mùa đông đến lòng anh. Càng nhớ về em. Vì yêu em. Anh luôn mong chờ đơn phương. Người đã lãng quên màu đông
Áo Mùa Đông,Tùng Dương,Gió bấc heo may xào xạc. Rung cây lá lá bay. Một mùa đông bao người đan áo. Gió hút heo may người. Nào đem manh áo tới đây. Cho người lính đêm đông này.. Này người ơi tôi. Nhớ thấy nhiều. Người bạn tôi trong nắng quá chiều. Chiều miền quê đan áo. Này người ơi tôi nhớ thấy nhiều. Người mẹ mong con. Ngóng những chiều. Chờ cầm áo đưa theo.. Đứng gác đêm qua nhìn về. Muôn phương khuất khuất xa. Từng người quân ơn người đan áo. Tấm áo xông pha mùa. Lạnh che thân chiến sĩ ta. Đây là áo nơi quê nhà.. Này người ơi tôi thấy phút nào(x2). Từng bạn tôi anh dũng máu trào. Màu cờ loang trên áo. Này người ơi có thấy phút nào. Từng đoàn quân khâu áo nhuốm đào. Thành cờ cuốn lên cao.
Mưa Mùa Đông (Remix),Fony Trung,"Khi cơn mưa mùa đông. Lạnh lùng sang mang bao nhớ nhung.. Những tiếng nói yêu thương. Vẫn còn đâu đây trong gió sương. Nước mắt vẫn chưa khô… vì ai đó.. Cơn mưa đông ngày xưa. Ngày gặp nhau đôi ta dưới mưa.. Giữa bóng tối buốt giá. Đã cùng nhau trao bao dấu yêu. Ánh mắt ấy hôm qua, nay đã xa rồi .. Lạnh giá trong đêm mùa đông. Mong bước chân em quay trở về. Dù biết đã không còn chi. Nhưng đôi khi lòng hoài vương vấn.. Dẫu xa nhau muôn trùng mây. Thì tình anh vẫn còn đây. Ở phương xa, nơi đâu người ơi có hay.. Ngày tháng vẫn trôi thật mau. Đau nỗi đau khi chia lìa nhau. Tình mãi mãi in thật sâu. Qua bao lâu chẳng hề phai dấu.. Giấu trong tim bao lời yêu. Đợi chờ ai đến ngày mai. Được đón... bước em quay về.. Khi cơn mưa mùa đông. Lạnh lùng sang mang bao nhớ nhung.. Những tiếng nói yêu thương. Vẫn còn đâu đây trong gió sương. Nước mắt vẫn chưa khô… vì ai đó.. Cơn mưa đông ngày xưa. Ngày gặp nhau đôi ta dưới mưa.. Giữa bóng tối buốt giá. Đã cùng nhau trao bao dấu yêu. Ánh mắt ấy hôm qua, nay đã xa rồi .. Lạnh giá trong đêm mùa đông. Mong bước chân em quay trở về. Dù biết đã không còn chi. Nhưng đôi khi lòng hoài vương vấn.. Dẫu xa nhau muôn trùng mây. Thì tình anh vẫn còn đây. Ở phương xa, nơi đâu người ơi có hay.. Ngày tháng vẫn trôi thật mau. Đau nỗi đau khi chia lìa nhau. Tình mãi mãi in thật sâu. Qua bao lâu chẳng hề phai dấu.. Giấu trong tim bao lời yêu. Đợi chờ ai đến ngày mai. Được đón... bước em quay về.. Khi cơn mưa mùa đông. Lạnh lùng sang mang bao nhớ nhung.. Những tiếng nói yêu thương. Vẫn còn đâu đây trong gió sương. Nước mắt vẫn chưa khô… vì ai đó.. Cơn mưa đông ngày xưa. Ngày gặp nhau đôi ta dưới mưa.. Giữa bóng tối buốt giá. Đã cùng nhau trao bao dấu yêu. Ánh mắt ấy hôm qua, nay đã xa rồi .. Lạnh giá trong đêm mùa đông. Mong bước chân em quay trở về. Dù biết đã không còn chi. Nhưng đôi khi lòng hoài vương vấn.. Dẫu xa nhau muôn trùng mây. Thì tình anh vẫn còn đây. ở phương xa, nơi đâu người ơi có hay.. Ngày tháng vẫn trôi thật mau. Đau nỗi đau khi chia lìa nhau. Tình mãi mãi in thật sâu. Qua bao lâu chẳng hề phai dấu.. Giấu trong tim bao lời yêu. Đợi chờ ai đến ngày mai. Được đón... bước em quay về.. Lạnh giá trong đêm mùa đông. Mong bước chân em quay trở về. Dù biết đã không còn chi. Nhưng đôi khi lòng hoài vương vấn.. Dẫu xa nhau muôn trùng mây. Thì tình anh vẫn còn đây. Ở phương xa, nơi đâu người ơi có hay.. Ngày tháng vẫn trôi thật mau. Đau nỗi đau khi chia lìa nhau. Tình mãi mãi in thật sâu. Qua bao lâu chẳng hề phai dấu.. Giấu trong tim bao lời yêu. Đợi chờ ai đến ngày mai. Được đón... bước em quay về."
Tự Khúc Mùa Đông,Cao Thái Sơn,Ngỡ như đêm mùa đông. Thoáng nghe gió lạnh. Ngỡ như trong vòng tay. Mãi không cách xa. Có hay chăng tình ai với ai trễ hẹn. Đám lá khô theo gió. Xa xăm mùa đông. Đã như chim trời bay. Với bao ước vọng. Đã như như quên lời ru. Tháng năm dấu yêu. Những đêm sao lặng im. Với tôi khóc thầm. Nếu như em còn đây. Thấu chăng tình tôi. Mong manh bao nhớ nhung. Tình yêu héo mòn. Liêu xiêu con phố quen còn đó. Ai trông ai ngóng ai dường như xác xơ. Vang trong tim nỗi đau ngút ngàn. Đêm đêm luôn có tôi ngồi đây với trời. Đang trông theo gót xưa mòn lối. Đôi chim bay có nhau nhìn tôi rất buồn. Thương thân tôi lẽ loi rã rời. Ngỡ như đêm mùa đông. Thoáng nghe gió lạnh. Ngỡ như trong vòng tay. Mãi không cách xa. Có hay chăng tình ai với ai trễ hẹn. Đám lá khô theo gió. Xa xăm mùa đông. Đã như chim trời bay. Với bao ước vọng. Đã như như quên lời ru. Tháng năm dấu yêu. Những đêm sao lặng im. Với tôi khóc thầm. Nếu như em còn đây. Thấu chăng tình tôi. Mong manh bao nhớ nhung. Tình yêu héo mòn. Liêu xiêu con phố quen còn đó. Ai trông ai ngóng ai dường như xác xơ. Vang trong tim nỗi đau ngút ngàn. Đêm đêm luôn có tôi ngồi đây với trời. Đang trông theo gót xưa mòn lối. Đôi chim bay có nhau nhìn tôi rất buồn. Thương thân tôi lẽ loi rã rời. Thương thân tôi lẽ loi rã rời. Thương thân tôi lẽ loi. Rã rời
Mùa Đông Yêu Thương,Phùng Ngọc Huy,Dưới cơn mưa mùa đông. Rớt rơi bên trời vắng. Lòng này bỗng nhớ đến. Những ước hẹn xưa. Em với tôi luôn sánh vai nhau. Và trao nhau bao nụ cười. Gió đông lắng nghe. Rõ cuộc tình ta. Ngồi đây mình anh chìm. Trong đêm lạnh giá. Một mùa đông cô đơn đang. Trôi qua đời anh. Em đã xa tôi mãi rồi. Giờ đây vui với duyên nào. Biết chăng anh. Mong ước được có em. Ơi em yêu. Người biết chăng. Giờ đây anh luôn mong. Em về với anh. Ơi em yêu. Anh vẫn mong. Em quay trở về. Và ta cùng nhau cầm tay. Hát khúc ca tình yêu. Nào ta hãy hát khúc hát về. Mùa đông yêu thương đi. Nguyện cầu cho đôi ta. Mãi mãi bên nhau. Sao em vẫn còn hờ hững. Cho tim anh còn xót xa. Mùa đông đến se lạnh. Căm hồn đơn côi. Nào ta hãy hát khúc hát về. Mùa đông yêu thương đi. Nguyện cầu cho đôi ta. Mãi mãi bên nhau. Sao em vẫn còn hờ hững. Cho tim anh còn xót xa. Mùa đông đến cho lòng. Anh thêm quạnh đau. Ngồi đây mình anh chìm. Trong đêm lạnh giá. Một mùa đông cô đơn đang. Trôi qua đời anh. Em đã xa tôi mãi rồi. Giờ đây vui với duyên nào. Biết chăng anh. Mong ước được có em. Ơi em yêu. Hãy về đây. Giờ đây anh luôn mong. Em về với anh. Ơi em yêu. Anh vẫn mong. Em quay trở về. Và ta cùng nhau cầm tay. Hát khúc ca tình yêu. Nào ta hãy hát khúc hát về. Mùa đông yêu thương đi. Nguyện cầu cho đôi ta. Mãi mãi bên nhau. Sao em vẫn còn hờ hững. Cho tim anh còn xót xa. Mùa đông đến se lạnh. Căm hồn đơn côi. Nào ta hãy hát khúc hát về. Mùa đông yêu thương đi. Nguyện cầu cho đôi ta. Mãi mãi bên nhau. Sao em vẫn còn hờ hững. Cho tim anh còn xót xa. Mùa đông đến cho lòng. Anh thêm quạnh đau. Nào ta hãy hát khúc hát về. Mùa đông yêu thương đi. Nguyện cầu cho đôi ta. Mãi mãi bên nhau. Sao em vẫn còn hờ hững. Cho tim anh còn xót xa. Mùa đông đến cho lòng. Anh thêm quạnh đau
